"Date","Price","Open","High","Low","Vol.","Change %"
"01/31/2025","5,286.87","5,291.41","5,314.29","5,273.49","22.05M","0.09%"
"01/30/2025","5,282.21","5,248.50","5,285.22","5,248.50","23.61M","0.99%"
"01/29/2025","5,230.66","5,197.67","5,244.47","5,185.23","25.67M","0.67%"
"01/28/2025","5,195.71","5,189.93","5,219.49","5,179.49","22.04M","0.14%"
"01/27/2025","5,188.45","5,212.89","5,223.10","5,131.76","25.31M","-0.59%"
"01/24/2025","5,219.37","5,229.61","5,260.28","5,209.65","25.91M","0.04%"
"01/23/2025","5,217.50","5,212.30","5,220.84","5,184.83","20.59M","0.22%"
"01/22/2025","5,205.83","5,166.30","5,228.98","5,166.30","21.16M","0.77%"
"01/21/2025","5,165.96","5,162.36","5,171.23","5,151.83","20.53M","0.03%"
"01/20/2025","5,164.44","5,150.76","5,183.28","5,142.60","24.73M","0.31%"
"01/17/2025","5,148.30","5,118.31","5,158.63","5,118.31","30.78M","0.81%"
"01/16/2025","5,106.93","5,065.23","5,107.32","5,065.23","25.07M","1.48%"
"01/15/2025","5,032.31","4,980.21","5,051.69","4,975.39","26.49M","1.04%"
"01/14/2025","4,980.47","4,978.51","5,014.30","4,974.03","24.05M","0.53%"
"01/13/2025","4,954.21","4,964.78","4,964.78","4,916.87","20.15M","-0.46%"
"01/10/2025","4,977.26","5,013.56","5,031.56","4,970.79","23.93M","-0.81%"
"01/09/2025","5,017.91","4,982.75","5,022.15","4,967.62","17.48M","0.43%"
"01/08/2025","4,996.39","5,013.34","5,036.24","4,966.44","25.78M","-0.31%"
"01/07/2025","5,011.82","4,987.38","5,030.83","4,969.30","23.98M","0.50%"
"01/06/2025","4,986.64","4,893.32","4,986.64","4,893.19","27.33M","2.36%"
"01/03/2025","4,871.45","4,915.54","4,917.34","4,861.12","17.72M","-0.94%"
"01/02/2025","4,917.88","4,890.54","4,917.88","4,845.89","19.06M","0.45%"
"12/31/2024","4,895.98","4,866.22","4,896.02","4,860.86","12.40M","0.55%"
"12/30/2024","4,869.28","4,890.52","4,904.08","4,862.16","","-0.60%"
"12/27/2024","4,898.88","4,854.16","4,898.88","4,847.89","","0.84%"
"12/24/2024","4,857.86","4,857.79","4,868.36","4,857.79","11.01M","0.10%"
"12/23/2024","4,852.93","4,859.04","4,862.51","4,832.15","13.21M","-0.19%"
"12/20/2024","4,862.28","4,861.59","4,872.66","4,803.20","52.54M","-0.34%"
"12/19/2024","4,879.00","4,916.32","4,916.32","4,869.11","23.12M","-1.58%"
"12/18/2024","4,957.28","4,945.61","4,970.35","4,940.30","22.98M","0.30%"
"12/17/2024","4,942.58","4,936.52","4,966.14","4,922.34","23.94M","-0.09%"
"12/16/2024","4,947.03","4,963.88","4,963.88","4,940.39","23.76M","-0.42%"
"12/13/2024","4,967.95","4,964.08","4,996.96","4,955.29","20.68M","0.05%"
"12/12/2024","4,965.53","4,964.17","4,974.90","4,953.21","24.88M","0.12%"
"12/11/2024","4,959.35","4,947.44","4,966.23","4,940.08","21.65M","0.15%"
"12/10/2024","4,951.74","4,979.17","4,979.17","4,949.32","21.32M","-0.68%"
"12/09/2024","4,985.46","4,991.84","5,007.70","4,974.05","23.03M","0.15%"
"12/06/2024","4,977.78","4,953.93","4,985.22","4,944.29","23.20M","0.53%"
"12/05/2024","4,951.58","4,914.06","4,954.92","4,912.75","29.75M","0.66%"
"12/04/2024","4,919.02","4,884.94","4,929.53","4,884.52","22.68M","0.83%"
"12/03/2024","4,878.51","4,854.14","4,902.04","4,854.14","25.25M","0.66%"
"12/02/2024","4,846.73","4,785.15","4,848.87","4,764.38","27.36M","0.88%"
"11/29/2024","4,804.40","4,754.62","4,810.49","4,741.89","23.07M","0.96%"
"11/28/2024","4,758.65","4,759.22","4,781.09","4,747.37","15.60M","0.54%"
"11/27/2024","4,733.15","4,752.43","4,752.43","4,705.97","23.57M","-0.61%"
"11/26/2024","4,761.99","4,781.47","4,792.71","4,747.01","25.24M","-0.79%"
"11/25/2024","4,799.87","4,806.29","4,831.28","4,790.77","46.76M","0.23%"
"11/22/2024","4,789.08","4,772.83","4,797.95","4,722.77","32.45M","0.70%"
"11/21/2024","4,755.83","4,731.23","4,757.59","4,690.45","22.66M","0.55%"
"11/20/2024","4,729.71","4,760.61","4,786.28","4,717.45","21.53M","-0.45%"
"11/19/2024","4,751.23","4,791.89","4,801.23","4,688.68","31.16M","-0.82%"
"11/18/2024","4,790.33","4,786.54","4,800.47","4,755.79","23.57M","-0.09%"
"11/15/2024","4,794.85","4,810.59","4,829.68","4,785.65","26.34M","-0.80%"
"11/14/2024","4,833.53","4,759.77","4,835.78","4,747.57","25.66M","1.97%"
"11/13/2024","4,740.34","4,740.93","4,761.09","4,699.78","25.87M","-0.09%"
"11/12/2024","4,744.69","4,834.34","4,834.34","4,741.99","30.61M","-2.25%"
"11/11/2024","4,854.03","4,825.50","4,875.75","4,825.50","21.24M","1.07%"
"11/08/2024","4,802.76","4,853.50","4,862.64","4,791.06","29.19M","-1.01%"
"11/07/2024","4,851.96","4,812.63","4,869.39","4,810.63","34.83M","1.07%"
"11/06/2024","4,800.63","4,880.35","4,946.48","4,788.41","43.57M","-1.43%"
"11/05/2024","4,870.33","4,853.66","4,874.55","4,839.44","23.00M","0.38%"
"11/04/2024","4,852.10","4,873.95","4,893.35","4,852.10","24.56M","-0.53%"
"11/01/2024","4,877.75","4,829.48","4,889.49","4,829.48","25.85M","1.04%"
"10/31/2024","4,827.63","4,866.03","4,866.03","4,805.23","34.47M","-1.19%"
"10/30/2024","4,885.75","4,931.32","4,931.32","4,866.59","24.93M","-1.30%"
"10/29/2024","4,950.02","4,978.73","4,999.72","4,948.84","25.52M","-0.40%"
"10/28/2024","4,969.83","4,962.16","4,982.74","4,932.61","22.49M","0.54%"
"10/25/2024","4,943.09","4,940.35","4,953.34","4,915.57","19.20M","0.15%"
"10/24/2024","4,935.45","4,929.02","4,970.48","4,929.02","19.46M","0.26%"
"10/23/2024","4,922.55","4,924.40","4,948.38","4,906.28","19.83M","-0.34%"
"10/22/2024","4,939.31","4,941.04","4,965.75","4,910.32","21.40M","-0.04%"
"10/21/2024","4,941.22","4,977.90","4,989.32","4,938.10","21.93M","-0.90%"
"10/18/2024","4,986.27","4,950.05","4,986.27","4,944.13","29.69M","0.79%"
"10/17/2024","4,947.30","4,913.99","4,973.79","4,913.99","28.48M","0.79%"
"10/16/2024","4,908.71","4,918.44","4,926.08","4,898.95","28.22M","-0.77%"
"10/15/2024","4,946.73","5,045.63","5,053.23","4,946.73","32.91M","-1.87%"
"10/14/2024","5,041.01","5,007.27","5,044.74","4,999.18","20.40M","0.74%"
"10/11/2024","5,003.92","4,970.64","5,005.83","4,953.82","23.47M","0.68%"
"10/10/2024","4,970.34","4,980.12","4,986.70","4,950.16","23.59M","-0.25%"
"10/09/2024","4,982.57","4,948.79","4,984.79","4,930.13","19.72M","0.68%"
"10/08/2024","4,949.00","4,953.91","4,955.96","4,911.83","19.75M","-0.42%"
"10/07/2024","4,969.71","4,959.24","4,976.67","4,930.79","22.14M","0.30%"
"10/04/2024","4,954.94","4,920.20","4,976.02","4,911.36","26.48M","0.68%"
"10/03/2024","4,921.33","4,959.20","4,959.20","4,907.60","25.76M","-0.85%"
"10/02/2024","4,963.29","4,961.73","4,983.22","4,931.56","25.21M","0.18%"
"10/01/2024","4,954.15","5,004.37","5,016.88","4,933.39","31.88M","-0.93%"
"09/30/2024","5,000.45","5,060.76","5,060.76","5,000.45","35.00M","-1.32%"
"09/27/2024","5,067.45","5,028.35","5,071.41","5,028.35","27.22M","0.69%"
"09/26/2024","5,032.59","4,956.34","5,035.44","4,956.34","31.63M","2.35%"
"09/25/2024","4,916.89","4,928.15","4,933.37","4,905.33","19.76M","-0.48%"
"09/24/2024","4,940.72","4,907.58","4,953.69","4,907.58","20.38M","1.13%"
"09/23/2024","4,885.57","4,875.62","4,893.98","4,854.93","21.86M","0.29%"
"09/20/2024","4,871.54","4,929.15","4,930.22","4,868.80","53.93M","-1.45%"
"09/19/2024","4,943.38","4,862.41","4,943.38","4,862.41","29.18M","2.24%"
"09/18/2024","4,835.30","4,861.52","4,864.60","4,831.09","19.65M","-0.52%"
"09/17/2024","4,860.78","4,832.82","4,879.61","4,832.82","22.51M","0.69%"
"09/16/2024","4,827.63","4,835.16","4,852.71","4,820.11","16.65M","-0.34%"
"09/13/2024","4,843.99","4,817.74","4,853.89","4,817.74","19.22M","0.62%"
"09/12/2024","4,814.08","4,777.77","4,836.64","4,777.77","21.94M","1.06%"
"09/11/2024","4,763.58","4,752.58","4,796.49","4,735.95","22.66M","0.35%"
"09/10/2024","4,747.20","4,779.55","4,803.37","4,736.89","25.14M","-0.66%"
"09/09/2024","4,778.66","4,745.21","4,797.75","4,745.21","18.48M","0.86%"
"09/06/2024","4,738.06","4,806.59","4,829.28","4,732.86","26.62M","-1.60%"
"09/05/2024","4,815.15","4,840.70","4,854.33","4,814.77","20.34M","-0.68%"
"09/04/2024","4,848.18","4,889.17","4,889.17","4,838.83","20.84M","-1.31%"
"09/03/2024","4,912.52","4,977.97","4,986.74","4,906.98","21.27M","-1.22%"
"09/02/2024","4,973.07","4,955.87","4,973.39","4,924.18","14.22M","0.30%"
"08/30/2024","4,957.98","4,959.03","4,980.86","4,957.96","34.04M","-0.17%"
"08/29/2024","4,966.27","4,915.49","4,966.27","4,913.49","19.54M","1.08%"
"08/28/2024","4,913.03","4,904.76","4,932.76","4,904.76","15.95M","0.29%"
"08/27/2024","4,898.78","4,897.27","4,916.68","4,892.51","16.78M","0.04%"
"08/26/2024","4,896.69","4,907.04","4,911.02","4,892.19","10.42M","-0.25%"
"08/23/2024","4,909.20","4,890.34","4,918.85","4,887.70","16.24M","0.50%"
"08/22/2024","4,885.00","4,885.74","4,911.43","4,883.98","14.71M","-0.01%"
"08/21/2024","4,885.28","4,856.23","4,889.72","4,856.23","13.75M","0.57%"
"08/20/2024","4,857.58","4,878.22","4,897.43","4,855.90","15.90M","-0.28%"
"08/19/2024","4,871.41","4,838.02","4,879.30","4,835.58","15.85M","0.64%"
"08/16/2024","4,840.52","4,813.72","4,850.74","4,813.72","22.74M","0.68%"
"08/15/2024","4,807.77","4,736.84","4,809.88","4,727.63","17.52M","1.70%"
"08/14/2024","4,727.60","4,710.18","4,728.68","4,706.76","14.41M","0.70%"
"08/13/2024","4,694.92","4,680.21","4,697.96","4,659.23","18.61M","0.49%"
"08/12/2024","4,671.88","4,686.85","4,699.91","4,658.86","15.14M","-0.07%"
"08/09/2024","4,675.28","4,678.44","4,703.22","4,646.71","17.63M","0.14%"
"08/08/2024","4,668.74","4,661.82","4,673.66","4,606.70","24.94M","0.01%"
"08/07/2024","4,668.06","4,592.87","4,683.72","4,591.59","33.11M","2.03%"
"08/06/2024","4,575.22","4,580.12","4,607.82","4,538.20","32.68M","0.08%"
"08/05/2024","4,571.60","4,605.72","4,605.72","4,473.94","46.73M","-1.45%"
"08/02/2024","4,638.70","4,752.10","4,752.10","4,627.27","43.38M","-2.67%"
"08/01/2024","4,765.72","4,867.09","4,867.09","4,759.68","34.23M","-2.20%"
"07/31/2024","4,872.94","4,852.18","4,907.39","4,852.18","30.03M","0.66%"
"07/30/2024","4,841.00","4,830.52","4,861.85","4,829.92","27.56M","0.53%"
"07/29/2024","4,815.39","4,873.84","4,886.60","4,810.81","20.13M","-0.97%"
"07/26/2024","4,862.50","4,810.87","4,867.88","4,810.20","20.42M","1.06%"
"07/25/2024","4,811.28","4,832.68","4,832.68","4,767.15","27.18M","-1.04%"
"07/24/2024","4,861.87","4,892.66","4,892.66","4,847.39","25.42M","-1.12%"
"07/23/2024","4,916.80","4,906.89","4,949.27","4,896.33","20.67M","0.40%"
"07/22/2024","4,897.44","4,833.17","4,911.43","4,833.17","23.10M","1.45%"
"07/19/2024","4,827.24","4,868.97","4,868.97","4,822.55","26.88M","-0.88%"
"07/18/2024","4,870.12","4,902.41","4,923.86","4,870.12","24.39M","-0.44%"
"07/17/2024","4,891.46","4,939.44","4,939.44","4,877.15","19.30M","-1.14%"
"07/16/2024","4,947.83","4,968.21","4,968.21","4,939.17","19.24M","-0.71%"
"07/15/2024","4,983.11","5,029.28","5,038.30","4,982.42","16.54M","-1.19%"
"07/12/2024","5,043.02","4,980.96","5,051.59","4,980.96","20.39M","1.34%"
"07/11/2024","4,976.13","4,970.32","5,005.70","4,964.12","19.63M","0.35%"
"07/10/2024","4,958.86","4,909.14","4,960.99","4,896.85","20.13M","1.13%"
"07/09/2024","4,903.62","4,960.15","4,960.55","4,894.76","20.01M","-1.33%"
"07/08/2024","4,969.83","4,976.53","5,029.25","4,965.24","22.23M","-0.19%"
"07/05/2024","4,979.39","4,993.99","5,019.65","4,960.51","18.46M","-0.16%"
"07/04/2024","4,987.48","4,972.67","4,993.66","4,972.67","16.02M","0.44%"
"07/03/2024","4,965.80","4,922.03","4,977.57","4,922.03","22.54M","1.21%"
"07/02/2024","4,906.33","4,918.21","4,918.21","4,869.48","22.90M","-0.48%"
"07/01/2024","4,929.99","4,924.08","4,981.31","4,923.32","26.81M","0.73%"
"06/28/2024","4,894.02","4,909.30","4,922.84","4,880.98","25.15M","-0.18%"
"06/27/2024","4,902.60","4,918.63","4,935.11","4,897.18","22.56M","-0.27%"
"06/26/2024","4,915.94","4,954.79","4,975.81","4,889.23","23.58M","-0.41%"
"06/25/2024","4,935.97","4,938.44","4,938.44","4,910.92","21.34M","-0.30%"
"06/24/2024","4,950.98","4,911.17","4,964.84","4,911.17","23.17M","0.89%"
"06/21/2024","4,907.30","4,945.02","4,945.02","4,890.08","57.82M","-0.82%"
"06/20/2024","4,947.73","4,894.13","4,948.89","4,894.13","25.84M","1.27%"
"06/19/2024","4,885.45","4,913.54","4,916.69","4,883.30","22.30M","-0.61%"
"06/18/2024","4,915.47","4,898.33","4,922.61","4,883.18","25.53M","0.72%"
"06/17/2024","4,880.42","4,858.68","4,900.31","4,837.88","26.71M","0.85%"
"06/14/2024","4,839.14","4,942.82","4,942.82","4,819.56","50.98M","-1.95%"
"06/13/2024","4,935.50","5,031.04","5,031.04","4,929.87","34.94M","-1.97%"
"06/12/2024","5,034.43","4,970.61","5,042.39","4,970.61","26.42M","1.40%"
"06/11/2024","4,965.09","5,025.13","5,034.58","4,941.39","29.06M","-1.02%"
"06/10/2024","5,016.48","5,027.86","5,027.86","4,973.88","23.41M","-0.69%"
"06/07/2024","5,051.31","5,072.88","5,077.21","5,018.35","21.97M","-0.35%"
"06/06/2024","5,069.09","5,051.94","5,082.07","5,049.88","23.37M","0.66%"
"06/05/2024","5,035.66","4,972.72","5,044.02","4,972.72","23.78M","1.66%"
"06/04/2024","4,953.37","5,001.97","5,001.97","4,942.14","31.52M","-1.00%"
"06/03/2024","5,003.54","5,008.10","5,039.55","4,997.01","22.74M","0.40%"
"05/31/2024","4,983.67","4,985.71","5,000.76","4,967.19","58.90M","0.03%"
"05/30/2024","4,982.18","4,954.78","4,985.87","4,947.21","22.46M","0.38%"
"05/29/2024","4,963.20","5,027.52","5,027.53","4,955.84","23.44M","-1.33%"
"05/28/2024","5,030.35","5,060.38","5,071.39","5,015.85","20.62M","-0.57%"
"05/27/2024","5,059.20","5,038.92","5,059.20","5,033.56","12.10M","0.47%"
"05/24/2024","5,035.41","5,027.94","5,040.89","4,991.70","19.36M","-0.04%"
"05/23/2024","5,037.60","5,026.70","5,064.50","5,025.28","20.90M","0.25%"
"05/22/2024","5,025.17","5,044.22","5,045.09","5,020.70","22.04M","-0.43%"
"05/21/2024","5,046.99","5,064.87","5,064.87","5,026.07","24.69M","-0.54%"
"05/20/2024","5,074.34","5,060.62","5,079.04","5,060.62","24.05M","0.20%"
"05/17/2024","5,064.14","5,061.44","5,068.39","5,040.23","33.52M","-0.16%"
"05/16/2024","5,072.45","5,094.77","5,101.41","5,068.11","26.35M","-0.56%"
"05/15/2024","5,100.90","5,083.25","5,102.30","5,075.06","28.21M","0.41%"
"05/14/2024","5,080.29","5,079.37","5,083.55","5,057.94","35.58M","0.03%"
"05/13/2024","5,078.96","5,083.54","5,087.92","5,068.06","23.63M","-0.12%"
"05/10/2024","5,085.08","5,060.73","5,096.89","5,060.73","33.57M","0.61%"
"05/09/2024","5,054.41","5,019.32","5,057.23","5,013.77","24.10M","0.32%"
"05/08/2024","5,038.17","5,025.30","5,047.54","5,023.74","28.18M","0.44%"
"05/07/2024","5,016.10","4,969.82","5,016.71","4,967.81","29.59M","1.19%"
"05/06/2024","4,956.96","4,921.02","4,969.12","4,920.93","22.14M","0.73%"
"05/03/2024","4,920.95","4,917.05","4,946.05","4,896.45","","0.62%"
"05/02/2024","4,890.61","4,907.33","4,913.71","4,888.11","35.99M","-0.62%"
"05/01/2024","4,921.22","4,921.22","4,921.22","4,921.22","33.80M","0.00%"
"04/30/2024","4,921.22","4,985.54","4,988.12","4,916.57","33.80M","-1.20%"
"04/29/2024","4,981.09","5,014.22","5,026.82","4,980.42","28.18M","-0.51%"
"04/26/2024","5,006.85","4,950.22","5,017.98","4,950.22","26.65M","1.37%"
"04/25/2024","4,939.01","4,993.35","4,994.41","4,900.27","27.54M","-1.02%"
"04/24/2024","4,989.88","5,004.91","5,031.84","4,981.81","30.87M","-0.37%"
"04/23/2024","5,008.17","4,941.29","5,011.10","4,941.29","35.18M","1.44%"
"04/22/2024","4,936.85","4,921.04","4,954.18","4,913.70","28.70M","0.38%"
"04/19/2024","4,918.09","4,911.59","4,933.38","4,884.12","35.23M","-0.37%"
"04/18/2024","4,936.57","4,924.83","4,943.98","4,907.61","27.89M","0.46%"
"04/17/2024","4,914.13","4,918.73","4,968.41","4,898.90","22.79M","-0.06%"
"04/16/2024","4,916.99","4,962.15","4,962.15","4,899.41","27.87M","-1.35%"
"04/15/2024","4,984.48","4,969.00","5,034.73","4,969.00","24.47M","0.59%"
"04/12/2024","4,955.01","4,986.03","5,023.90","4,935.03","27.78M","-0.23%"
"04/11/2024","4,966.68","4,994.15","5,010.09","4,934.40","30.61M","-0.68%"
"04/10/2024","5,000.83","5,006.50","5,037.18","4,951.19","28.80M","0.20%"
"04/09/2024","4,990.90","5,038.73","5,038.73","4,981.23","24.10M","-1.09%"
"04/08/2024","5,046.05","5,012.02","5,053.00","5,005.31","19.82M","0.62%"
"04/05/2024","5,014.75","5,043.61","5,043.61","4,985.67","36.78M","-1.10%"
"04/04/2024","5,070.76","5,071.83","5,089.33","5,065.65","23.60M","0.03%"
"04/03/2024","5,069.25","5,047.80","5,071.20","5,046.23","27.23M","0.54%"
"04/02/2024","5,042.00","5,096.86","5,121.71","5,038.63","31.80M","-0.81%"
"03/28/2024","5,083.42","5,085.25","5,103.26","5,081.78","31.38M","0.03%"
"03/27/2024","5,081.74","5,063.27","5,095.11","5,063.27","25.29M","0.35%"
"03/26/2024","5,064.18","5,046.26","5,072.75","5,038.73","25.33M","0.40%"
"03/25/2024","5,044.19","5,029.25","5,051.47","5,013.60","22.82M","0.26%"
"03/22/2024","5,031.15","5,035.13","5,037.74","5,008.90","27.33M","-0.42%"
"03/21/2024","5,052.31","5,042.32","5,058.91","5,021.14","27.74M","1.04%"
"03/20/2024","5,000.31","4,991.37","5,009.13","4,980.95","23.45M","-0.15%"
"03/19/2024","5,007.92","4,979.06","5,007.92","4,976.37","27.40M","0.50%"
"03/18/2024","4,982.76","4,993.66","5,004.08","4,976.61","24.81M","-0.07%"
"03/15/2024","4,986.02","4,993.44","5,023.65","4,986.02","83.89M","-0.14%"
"03/14/2024","4,993.12","5,007.73","5,031.82","4,986.60","33.71M","-0.15%"
"03/13/2024","5,000.55","4,985.83","5,016.24","4,983.82","33.87M","0.35%"
"03/12/2024","4,983.20","4,937.76","4,985.10","4,926.21","33.57M","1.07%"
"03/11/2024","4,930.42","4,932.20","4,938.65","4,913.84","28.43M","-0.62%"
"03/08/2024","4,961.11","4,974.97","4,986.57","4,961.11","25.08M","-0.26%"
"03/07/2024","4,974.22","4,901.01","4,978.19","4,891.79","33.78M","1.19%"
"03/06/2024","4,915.49","4,890.84","4,920.57","4,889.58","31.10M","0.46%"
"03/05/2024","4,893.07","4,909.42","4,913.10","4,886.07","29.83M","-0.40%"
"03/04/2024","4,912.92","4,904.58","4,915.44","4,897.94","19.70M","0.37%"
"03/01/2024","4,894.86","4,888.58","4,904.85","4,874.03","36.36M","0.35%"
"02/29/2024","4,877.77","4,883.77","4,898.37","4,872.63","52.11M","-0.12%"
"02/28/2024","4,883.77","4,883.84","4,887.18","4,874.94","22.07M","-0.04%"
"02/27/2024","4,885.74","4,865.54","4,887.85","4,863.81","24.24M","0.44%"
"02/26/2024","4,864.29","4,865.87","4,870.43","4,859.49","25.39M","-0.17%"
"02/23/2024","4,872.57","4,857.41","4,881.66","4,850.32","28.69M","0.35%"
"02/22/2024","4,855.36","4,812.02","4,866.06","4,812.02","29.13M","1.68%"
"02/21/2024","4,775.31","4,761.24","4,782.56","4,756.68","27.02M","0.32%"
"02/20/2024","4,760.28","4,757.95","4,766.62","4,749.18","20.50M","-0.06%"
"02/19/2024","4,763.07","4,755.75","4,765.82","4,744.59","17.30M","-0.05%"
"02/16/2024","4,765.65","4,754.43","4,782.79","4,750.76","28.82M","0.47%"
"02/15/2024","4,743.17","4,713.78","4,749.27","4,713.78","26.28M","0.72%"
"02/14/2024","4,709.22","4,685.94","4,712.89","4,681.62","20.16M","0.43%"
"02/13/2024","4,689.28","4,746.46","4,746.46","4,671.99","22.71M","-1.20%"
"02/12/2024","4,746.35","4,720.30","4,746.35","4,720.30","21.60M","0.65%"
"02/09/2024","4,715.87","4,711.33","4,723.77","4,696.51","30.84M","0.11%"
"02/08/2024","4,710.78","4,687.21","4,720.78","4,682.83","26.95M","0.68%"
"02/07/2024","4,678.85","4,691.57","4,694.88","4,677.92","36.29M","-0.26%"
"02/06/2024","4,690.87","4,667.50","4,692.44","4,660.02","40.13M","0.76%"
"02/05/2024","4,655.27","4,656.05","4,667.40","4,638.33","41.76M","0.02%"
"02/02/2024","4,654.55","4,645.78","4,676.71","4,645.78","29.25M","0.34%"
"02/01/2024","4,638.60","4,641.94","4,656.52","4,619.48","38.36M","-0.21%"
"01/31/2024","4,648.40","4,659.87","4,674.74","4,642.69","36.66M","-0.31%"
"01/30/2024","4,662.70","4,647.41","4,667.42","4,642.26","31.63M","0.50%"
"01/29/2024","4,639.36","4,636.77","4,639.36","4,622.46","26.59M","0.08%"
"01/26/2024","4,635.47","4,572.13","4,639.05","4,572.13","24.80M","1.16%"
"01/25/2024","4,582.26","4,562.34","4,584.87","4,545.52","30.57M","0.40%"
"01/24/2024","4,564.11","4,469.79","4,564.11","4,469.60","30.20M","2.20%"
"01/23/2024","4,465.91","4,487.51","4,496.39","4,456.78","21.31M","-0.32%"
"01/22/2024","4,480.32","4,454.45","4,495.43","4,454.45","24.71M","0.71%"
"01/19/2024","4,448.83","4,465.20","4,476.78","4,437.50","26.27M","-0.09%"
"01/18/2024","4,453.05","4,417.56","4,455.47","4,408.42","25.62M","1.13%"
"01/17/2024","4,403.08","4,420.60","4,420.60","4,380.97","26.43M","-0.98%"
"01/16/2024","4,446.51","4,443.21","4,448.45","4,414.44","22.72M","-0.18%"
"01/15/2024","4,454.68","4,483.98","4,489.49","4,451.03","16.29M","-0.57%"
"01/12/2024","4,480.02","4,453.24","4,492.77","4,453.24","20.70M","0.85%"
"01/11/2024","4,442.28","4,481.40","4,510.01","4,441.46","24.08M","-0.60%"
"01/10/2024","4,468.98","4,467.15","4,484.80","4,459.54","20.34M","0.04%"
"01/09/2024","4,467.17","4,486.99","4,486.99","4,446.62","25.54M","-0.41%"
"01/08/2024","4,485.48","4,461.80","4,487.26","4,438.49","21.90M","0.49%"
"01/05/2024","4,463.51","4,458.74","4,474.88","4,418.08","28.78M","-0.23%"
"01/04/2024","4,474.01","4,451.72","4,476.72","4,443.42","28.08M","0.58%"
"01/03/2024","4,448.13","4,514.20","4,515.70","4,433.14","26.38M","-1.43%"
"01/02/2024","4,512.81","4,528.45","4,568.80","4,484.82","26.47M","-0.20%"
"12/29/2023","4,521.65","4,518.12","4,536.44","4,517.31","13.28M","0.16%"
"12/28/2023","4,514.38","4,536.68","4,542.75","4,512.64","14.42M","-0.31%"
"12/27/2023","4,528.38","4,521.80","4,542.33","4,520.51","16.85M","0.15%"
"12/22/2023","4,521.47","4,520.60","4,528.05","4,505.73","17.78M","-0.07%"
"12/21/2023","4,524.86","4,522.49","4,524.86","4,503.36","16.75M","-0.20%"
"12/20/2023","4,533.82","4,538.12","4,546.06","4,515.52","22.43M","-0.03%"
"12/19/2023","4,535.40","4,522.13","4,538.32","4,519.28","23.31M","0.32%"
"12/18/2023","4,521.13","4,540.12","4,541.42","4,513.10","22.24M","-0.62%"
"12/15/2023","4,549.44","4,551.03","4,579.90","4,542.11","62.26M","0.23%"
"12/14/2023","4,539.16","4,541.47","4,593.11","4,515.92","47.27M","0.20%"
"12/13/2023","4,530.19","4,539.45","4,554.13","4,528.99","27.79M","-0.14%"
"12/12/2023","4,536.61","4,544.41","4,561.11","4,535.04","26.30M","-0.08%"
"12/11/2023","4,540.19","4,522.79","4,544.13","4,519.62","24.13M","0.37%"
"12/08/2023","4,523.31","4,477.04","4,531.54","4,477.04","26.89M","1.11%"
"12/07/2023","4,473.77","4,480.52","4,480.52","4,465.25","31.12M","-0.21%"
"12/06/2023","4,483.26","4,460.33","4,495.30","4,458.53","32.54M","0.68%"
"12/05/2023","4,452.77","4,414.33","4,457.82","4,412.67","31.97M","0.86%"
"12/04/2023","4,414.95","4,414.30","4,426.55","4,405.33","25.29M","-0.08%"
"12/01/2023","4,418.51","4,393.04","4,420.57","4,393.04","23.41M","0.82%"
"11/30/2023","4,382.47","4,370.39","4,392.81","4,361.83","55.34M","0.27%"
"11/29/2023","4,370.53","4,341.30","4,382.15","4,341.30","30.48M","0.52%"
"11/28/2023","4,348.02","4,350.34","4,350.34","4,328.12","23.47M","-0.15%"
"11/27/2023","4,354.41","4,369.92","4,376.70","4,353.27","22.31M","-0.40%"
"11/24/2023","4,372.10","4,357.95","4,375.83","4,356.08","21.64M","0.25%"
"11/23/2023","4,361.32","4,352.73","4,363.65","4,350.42","18.32M","0.21%"
"11/22/2023","4,352.02","4,335.78","4,357.10","4,335.78","22.32M","0.46%"
"11/21/2023","4,331.90","4,343.07","4,345.07","4,329.53","24.99M","-0.24%"
"11/20/2023","4,342.41","4,338.40","4,348.49","4,330.47","31.87M","0.04%"
"11/17/2023","4,340.77","4,304.00","4,347.53","4,304.00","41.32M","0.89%"
"11/16/2023","4,302.45","4,315.57","4,323.60","4,302.45","32.96M","-0.30%"
"11/15/2023","4,315.53","4,294.98","4,326.72","4,294.98","29.96M","0.55%"
"11/14/2023","4,291.72","4,232.40","4,304.72","4,230.91","37.24M","1.41%"
"11/13/2023","4,232.19","4,205.41","4,234.73","4,205.41","26.67M","0.83%"
"11/10/2023","4,197.36","4,218.26","4,218.26","4,176.16","25.22M","-0.75%"
"11/09/2023","4,229.20","4,179.35","4,234.00","4,166.89","25.14M","1.21%"
"11/08/2023","4,178.49","4,148.42","4,197.63","4,133.46","27.66M","0.60%"
"11/07/2023","4,153.37","4,150.52","4,164.88","4,135.53","20.87M","-0.13%"
"11/06/2023","4,158.64","4,178.32","4,188.65","4,152.08","25.43M","-0.38%"
"11/03/2023","4,174.67","4,175.85","4,195.96","4,163.86","35.84M","0.12%"
"11/02/2023","4,169.62","4,102.09","4,188.31","4,102.09","35.27M","1.90%"
"11/01/2023","4,091.71","4,069.65","4,103.65","4,049.87","28.09M","0.75%"
"10/31/2023","4,061.12","4,030.83","4,073.49","4,026.93","33.31M","0.81%"
"10/30/2023","4,028.32","4,023.42","4,050.98","4,023.42","25.45M","0.35%"
"10/27/2023","4,014.36","4,056.10","4,068.52","4,006.64","24.39M","-0.87%"
"10/26/2023","4,049.40","4,070.75","4,070.75","4,017.74","27.69M","-0.59%"
"10/25/2023","4,073.35","4,062.34","4,082.49","4,040.51","22.48M","0.20%"
"10/24/2023","4,065.37","4,045.42","4,074.32","4,026.65","25.26M","0.58%"
"10/23/2023","4,041.75","4,025.48","4,044.62","3,993.10","26.97M","0.42%"
"10/20/2023","4,024.68","4,077.44","4,077.44","4,024.68","37.66M","-1.61%"
"10/19/2023","4,090.33","4,104.79","4,109.81","4,069.29","31.26M","-0.38%"
"10/18/2023","4,105.86","4,152.53","4,161.50","4,099.90","22.69M","-1.12%"
"10/17/2023","4,152.32","4,148.09","4,163.10","4,111.52","19.07M","0.06%"
"10/16/2023","4,149.86","4,137.07","4,163.40","4,110.83","22.05M","0.33%"
"10/13/2023","4,136.12","4,197.30","4,198.10","4,133.13","29.48M","-1.48%"
"10/12/2023","4,198.23","4,202.79","4,234.49","4,193.98","28.12M","-0.06%"
"10/11/2023","4,200.80","4,203.84","4,217.00","4,172.91","25.13M","-0.11%"
"10/10/2023","4,205.23","4,118.46","4,208.43","4,118.46","26.95M","2.25%"
"10/09/2023","4,112.57","4,139.51","4,139.51","4,097.94","24.82M","-0.77%"
"10/06/2023","4,144.43","4,106.16","4,144.66","4,094.01","26.04M","1.09%"
"10/05/2023","4,099.81","4,104.17","4,122.52","4,092.03","21.89M","0.00%"
"10/04/2023","4,099.85","4,084.78","4,126.60","4,061.94","30.30M","0.10%"
"10/03/2023","4,095.59","4,124.98","4,146.47","4,091.00","29.72M","-1.02%"
"10/02/2023","4,137.63","4,181.62","4,204.17","4,119.45","25.58M","-0.89%"
"09/29/2023","4,174.66","4,171.33","4,215.28","4,171.33","27.20M","0.31%"
"09/28/2023","4,161.56","4,131.44","4,161.59","4,106.48","27.90M","0.72%"
"09/27/2023","4,131.68","4,129.91","4,153.43","4,121.31","21.45M","0.06%"
"09/26/2023","4,129.18","4,165.03","4,165.03","4,114.97","25.88M","-0.92%"
"09/25/2023","4,167.37","4,204.22","4,213.23","4,144.71","23.91M","-0.95%"
"09/22/2023","4,207.16","4,211.04","4,218.69","4,178.44","27.41M","-0.13%"
"09/21/2023","4,212.59","4,271.10","4,271.10","4,200.72","29.53M","-1.48%"
"09/20/2023","4,275.98","4,242.41","4,286.53","4,241.57","33.99M","0.78%"
"09/19/2023","4,242.70","4,245.39","4,264.14","4,230.33","19.67M","-0.07%"
"09/18/2023","4,245.88","4,291.08","4,291.08","4,234.73","23.66M","-1.14%"
"09/15/2023","4,295.05","4,287.65","4,326.90","4,287.65","68.34M","0.36%"
"09/14/2023","4,279.75","4,223.40","4,288.23","4,205.68","39.85M","1.33%"
"09/13/2023","4,223.48","4,236.92","4,238.69","4,198.99","24.76M","-0.44%"
"09/12/2023","4,242.27","4,258.70","4,264.50","4,230.64","25.76M","-0.28%"
"09/11/2023","4,254.33","4,241.43","4,278.96","4,241.43","27.64M","0.40%"
"09/08/2023","4,237.19","4,224.13","4,244.41","4,179.97","23.03M","0.38%"
"09/07/2023","4,221.02","4,235.74","4,252.83","4,209.98","23.79M","-0.41%"
"09/06/2023","4,238.26","4,265.54","4,265.54","4,224.35","27.60M","-0.72%"
"09/05/2023","4,269.16","4,275.92","4,286.77","4,234.79","19.96M","-0.25%"
"09/04/2023","4,279.87","4,286.60","4,323.31","4,272.06","13.82M","-0.06%"
"09/01/2023","4,282.64","4,296.31","4,319.99","4,282.36","23.65M","-0.34%"
"08/31/2023","4,297.11","4,316.16","4,336.74","4,297.11","44.88M","-0.42%"
"08/30/2023","4,315.31","4,326.55","4,340.83","4,294.62","21.39M","-0.26%"
"08/29/2023","4,326.47","4,297.62","4,329.29","4,291.35","22.56M","0.76%"
"08/28/2023","4,293.69","4,245.60","4,299.17","4,245.60","19.00M","1.36%"
"08/25/2023","4,236.25","4,230.82","4,269.52","4,219.99","18.68M","0.10%"
"08/24/2023","4,232.22","4,278.11","4,322.08","4,229.67","22.63M","-0.81%"
"08/23/2023","4,266.67","4,260.97","4,294.29","4,248.82","20.54M","0.15%"
"08/22/2023","4,260.37","4,226.10","4,291.81","4,226.10","19.60M","0.84%"
"08/21/2023","4,224.87","4,212.60","4,262.17","4,212.60","20.94M","0.28%"
"08/18/2023","4,212.95","4,224.45","4,224.45","4,175.37","23.25M","-0.35%"
"08/17/2023","4,227.83","4,281.57","4,281.57","4,224.78","22.27M","-1.32%"
"08/16/2023","4,284.27","4,284.57","4,304.09","4,268.85","18.50M","-0.10%"
"08/15/2023","4,288.57","4,334.07","4,336.72","4,269.86","23.27M","-0.96%"
"08/14/2023","4,330.23","4,318.71","4,343.89","4,306.26","16.99M","0.21%"
"08/11/2023","4,321.33","4,381.72","4,381.72","4,311.11","21.77M","-1.43%"
"08/10/2023","4,384.04","4,320.92","4,402.09","4,320.92","29.36M","1.55%"
"08/09/2023","4,317.33","4,289.02","4,354.97","4,289.02","34.47M","0.66%"
"08/08/2023","4,288.85","4,329.47","4,330.22","4,259.84","58.70M","-1.12%"
"08/07/2023","4,337.50","4,330.23","4,341.11","4,304.13","18.24M","0.11%"
"08/04/2023","4,332.91","4,306.07","4,336.65","4,288.80","25.84M","0.66%"
"08/03/2023","4,304.63","4,335.14","4,335.14","4,279.05","28.07M","-0.73%"
"08/02/2023","4,336.50","4,403.04","4,403.04","4,329.91","31.19M","-1.61%"
"08/01/2023","4,407.54","4,469.62","4,469.62","4,407.11","29.03M","-1.43%"
"07/31/2023","4,471.31","4,466.41","4,491.51","4,458.37","30.44M","0.11%"
"07/28/2023","4,466.50","4,448.60","4,476.04","4,423.64","41.69M","0.43%"
"07/27/2023","4,447.44","4,347.18","4,448.96","4,347.18","38.25M","2.33%"
"07/26/2023","4,346.15","4,390.96","4,390.96","4,312.07","32.51M","-1.03%"
"07/25/2023","4,391.30","4,382.49","4,399.50","4,374.13","18.48M","0.19%"
"07/24/2023","4,383.03","4,386.87","4,386.87","4,364.26","19.92M","-0.19%"
"07/21/2023","4,391.41","4,374.07","4,391.41","4,355.28","26.76M","0.40%"
"07/20/2023","4,373.73","4,360.92","4,376.58","4,340.69","27.57M","0.26%"
"07/19/2023","4,362.28","4,370.91","4,404.59","4,362.09","25.25M","-0.17%"
"07/18/2023","4,369.73","4,354.62","4,374.63","4,345.16","20.71M","0.30%"
"07/17/2023","4,356.79","4,397.33","4,397.33","4,342.54","18.52M","-0.98%"
"07/14/2023","4,400.11","4,389.93","4,411.18","4,388.76","28.87M","0.19%"
"07/13/2023","4,391.76","4,361.16","4,410.28","4,361.16","27.77M","0.72%"
"07/12/2023","4,360.46","4,289.01","4,367.44","4,289.01","30.45M","1.72%"
"07/11/2023","4,286.56","4,257.90","4,301.23","4,257.90","18.46M","0.71%"
"07/10/2023","4,256.51","4,235.35","4,272.49","4,217.75","17.03M","0.47%"
"07/07/2023","4,236.60","4,222.73","4,257.99","4,197.97","24.78M","0.32%"
"07/06/2023","4,223.09","4,349.30","4,349.30","4,213.81","35.24M","-2.93%"
"07/05/2023","4,350.71","4,388.30","4,388.30","4,342.87","24.35M","-0.92%"
"07/04/2023","4,390.99","4,398.05","4,412.54","4,389.52","18.59M","-0.16%"
"07/03/2023","4,398.15","4,401.03","4,420.01","4,397.76","24.61M","-0.02%"
"06/30/2023","4,399.09","4,354.95","4,409.50","4,346.40","39.20M","1.02%"
"06/29/2023","4,354.69","4,345.23","4,371.60","4,341.64","24.42M","0.23%"
"06/28/2023","4,344.75","4,313.04","4,349.39","4,313.04","24.70M","0.92%"
"06/27/2023","4,305.26","4,286.18","4,311.12","4,272.27","23.67M","0.58%"
"06/26/2023","4,280.57","4,272.10","4,294.16","4,238.07","23.76M","0.21%"
"06/23/2023","4,271.61","4,296.75","4,296.75","4,253.15","28.40M","-0.76%"
"06/22/2023","4,304.47","4,304.02","4,304.59","4,261.34","25.39M","-0.42%"
"06/21/2023","4,322.75","4,339.47","4,350.10","4,316.47","25.13M","-0.47%"
"06/20/2023","4,343.14","4,361.50","4,365.23","4,338.35","24.01M","-0.44%"
"06/19/2023","4,362.38","4,392.17","4,392.17","4,356.51","22.40M","-0.74%"
"06/16/2023","4,394.82","4,365.74","4,410.20","4,363.96","75.50M","0.68%"
"06/15/2023","4,365.12","4,373.58","4,373.58","4,333.64","25.49M","-0.25%"
"06/14/2023","4,375.98","4,346.52","4,385.84","4,343.55","31.34M","0.65%"
"06/13/2023","4,347.55","4,317.75","4,352.01","4,316.52","25.60M","0.72%"
"06/12/2023","4,316.49","4,291.04","4,332.97","4,291.04","21.54M","0.62%"
"06/09/2023","4,289.79","4,298.48","4,307.42","4,275.09","20.24M","-0.18%"
"06/08/2023","4,297.68","4,284.09","4,305.90","4,276.36","25.60M","0.13%"
"06/07/2023","4,291.91","4,294.50","4,305.25","4,273.28","24.08M","-0.08%"
"06/06/2023","4,295.22","4,292.77","4,299.00","4,275.44","22.40M","0.05%"
"06/05/2023","4,293.24","4,324.10","4,333.18","4,287.14","23.34M","-0.70%"
"06/02/2023","4,323.52","4,259.64","4,327.57","4,259.64","29.37M","1.55%"
"06/01/2023","4,257.61","4,222.56","4,271.37","4,222.56","26.94M","0.94%"
"05/31/2023","4,218.04","4,289.10","4,289.10","4,210.69","97.32M","-1.71%"
"05/30/2023","4,291.58","4,314.96","4,338.71","4,284.11","26.29M","-0.66%"
"05/29/2023","4,320.01","4,340.95","4,359.86","4,314.95","14.88M","-0.40%"
"05/26/2023","4,337.50","4,272.85","4,346.20","4,260.81","26.47M","1.59%"
"05/25/2023","4,269.64","4,264.01","4,284.96","4,251.29","28.42M","0.14%"
"05/24/2023","4,263.74","4,339.50","4,339.50","4,250.26","34.16M","-1.81%"
"05/23/2023","4,342.38","4,382.99","4,383.45","4,342.38","18.70M","-0.99%"
"05/22/2023","4,385.63","4,384.99","4,394.94","4,372.93","23.96M","-0.22%"
"05/19/2023","4,395.30","4,368.24","4,412.88","4,368.24","32.14M","0.64%"
"05/18/2023","4,367.45","4,323.04","4,380.50","4,323.04","26.32M","1.02%"
"05/17/2023","4,323.23","4,313.25","4,332.08","4,293.57","22.87M","0.18%"
"05/16/2023","4,315.51","4,313.12","4,328.78","4,298.31","22.34M","-0.02%"
"05/15/2023","4,316.41","4,315.85","4,338.14","4,302.76","20.45M","-0.03%"
"05/12/2023","4,317.88","4,304.07","4,344.32","4,304.07","24.69M","0.19%"
"05/11/2023","4,309.75","4,303.98","4,341.59","4,281.69","29.58M","0.07%"
"05/10/2023","4,306.76","4,322.65","4,332.29","4,293.21","27.26M","-0.38%"
"05/09/2023","4,323.09","4,344.42","4,344.42","4,305.31","22.74M","-0.59%"
"05/08/2023","4,348.65","4,335.22","4,355.41","4,334.13","19.64M","0.19%"
"05/05/2023","4,340.43","4,280.92","4,340.48","4,280.92","31.87M","1.25%"
"05/04/2023","4,287.03","4,280.66","4,302.04","4,264.41","31.08M","-0.54%"
"05/03/2023","4,310.18","4,303.53","4,329.03","4,303.53","27.49M","0.36%"
"05/02/2023","4,294.85","4,353.41","4,372.66","4,291.66","33.75M","-1.48%"
"04/28/2023","4,359.31","4,353.92","4,376.30","4,305.63","39.59M","0.03%"
"04/27/2023","4,358.05","4,345.04","4,368.95","4,327.98","27.11M","0.24%"
"04/26/2023","4,347.71","4,373.21","4,373.21","4,324.43","35.48M","-0.69%"
"04/25/2023","4,377.85","4,393.23","4,393.23","4,363.98","30.71M","-0.54%"
"04/24/2023","4,401.80","4,398.51","4,411.67","4,387.64","24.13M","-0.15%"
"04/21/2023","4,408.59","4,382.06","4,408.59","4,367.56","39.17M","0.54%"
"04/20/2023","4,384.86","4,391.92","4,400.61","4,365.91","35.90M","-0.20%"
"04/19/2023","4,393.57","4,393.46","4,397.16","4,373.19","25.03M","-0.01%"
"04/18/2023","4,393.95","4,367.62","4,407.74","4,367.62","26.67M","0.60%"
"04/17/2023","4,367.61","4,392.40","4,401.97","4,366.22","26.85M","-0.53%"
"04/14/2023","4,390.75","4,364.09","4,397.58","4,363.31","35.53M","0.63%"
"04/13/2023","4,363.24","4,334.67","4,363.61","4,334.67","28.72M","0.67%"
"04/12/2023","4,334.03","4,332.33","4,374.23","4,323.67","30.18M","0.02%"
"04/11/2023","4,333.29","4,312.66","4,343.92","4,312.66","30.12M","0.55%"
"04/06/2023","4,309.45","4,295.55","4,313.74","4,293.85","28.51M","0.26%"
"04/05/2023","4,298.36","4,316.29","4,320.83","4,286.21","29.79M","-0.39%"
"04/04/2023","4,315.32","4,312.15","4,346.95","4,311.02","28.19M","0.10%"
"04/03/2023","4,311.05","4,312.99","4,329.29","4,304.89","29.10M","-0.09%"
"03/31/2023","4,315.05","4,285.84","4,325.34","4,278.31","36.31M","0.69%"
"03/30/2023","4,285.42","4,232.59","4,295.32","4,232.59","29.62M","1.28%"
"03/29/2023","4,231.27","4,168.61","4,233.59","4,168.61","33.77M","1.51%"
"03/28/2023","4,168.21","4,169.53","4,205.35","4,157.11","30.41M","0.09%"
"03/27/2023","4,164.62","4,133.80","4,190.14","4,133.80","34.83M","0.82%"
"03/24/2023","4,130.62","4,193.16","4,193.16","4,093.16","56.57M","-1.82%"
"03/23/2023","4,207.14","4,195.22","4,215.20","4,166.00","34.03M","0.27%"
"03/22/2023","4,195.70","4,174.90","4,212.81","4,167.12","37.40M","0.34%"
"03/21/2023","4,181.60","4,139.89","4,206.93","4,139.89","49.52M","1.51%"
"03/20/2023","4,119.42","4,054.70","4,136.19","3,980.94","69.87M","1.34%"
"03/17/2023","4,064.99","4,137.37","4,174.67","4,042.75","91.67M","-1.26%"
"03/16/2023","4,116.98","4,060.41","4,135.00","4,021.45","61.73M","2.03%"
"03/15/2023","4,034.92","4,175.62","4,178.46","4,018.30","81.67M","-3.46%"
"03/14/2023","4,179.47","4,104.57","4,189.08","4,088.58","52.29M","2.02%"
"03/13/2023","4,096.54","4,228.32","4,229.22","4,071.94","78.07M","-3.14%"
"03/10/2023","4,229.53","4,256.43","4,256.43","4,190.98","49.66M","-1.32%"
"03/09/2023","4,286.12","4,283.30","4,297.56","4,257.20","28.14M","-0.05%"
"03/08/2023","4,288.45","4,272.37","4,298.95","4,264.23","26.86M","0.22%"
"03/07/2023","4,278.96","4,306.25","4,319.06","4,277.82","30.28M","-0.81%"
"03/06/2023","4,313.78","4,306.65","4,324.27","4,295.69","26.31M","0.44%"
"03/03/2023","4,294.80","4,256.81","4,298.78","4,256.81","30.52M","1.28%"
"03/02/2023","4,240.59","4,204.80","4,241.39","4,178.65","29.38M","0.59%"
"03/01/2023","4,215.75","4,243.38","4,276.06","4,206.32","36.21M","-0.53%"
"02/28/2023","4,238.38","4,238.46","4,268.66","4,222.23","58.92M","-0.23%"
"02/27/2023","4,248.01","4,191.84","4,266.82","4,191.84","30.11M","1.66%"
"02/24/2023","4,178.82","4,263.38","4,280.14","4,171.93","45.71M","-1.86%"
"02/23/2023","4,258.16","4,249.95","4,282.88","4,249.95","32.48M","0.36%"
"02/22/2023","4,242.88","4,245.75","4,248.06","4,205.93","34.87M","-0.18%"
"02/21/2023","4,250.40","4,265.18","4,265.29","4,210.17","28.00M","-0.49%"
"02/20/2023","4,271.18","4,281.72","4,284.56","4,262.21","21.11M","-0.09%"
"02/17/2023","4,274.92","4,283.04","4,288.08","4,232.25","36.87M","-0.52%"
"02/16/2023","4,297.24","4,295.99","4,316.17","4,269.44","36.45M","0.40%"
"02/15/2023","4,280.04","4,237.00","4,283.62","4,234.39","28.25M","0.97%"
"02/14/2023","4,238.76","4,244.47","4,279.57","4,233.73","27.63M","-0.06%"
"02/13/2023","4,241.36","4,202.03","4,244.62","4,202.03","25.44M","1.03%"
"02/10/2023","4,197.94","4,242.36","4,242.36","4,172.95","36.75M","-1.23%"
"02/09/2023","4,250.14","4,226.85","4,275.58","4,226.85","33.41M","0.97%"
"02/08/2023","4,209.15","4,220.86","4,248.38","4,208.40","30.19M","0.00%"
"02/07/2023","4,209.31","4,206.39","4,218.49","4,192.95","35.77M","0.09%"
"02/06/2023","4,205.45","4,246.45","4,246.45","4,186.66","32.75M","-1.23%"
"02/03/2023","4,257.98","4,230.53","4,257.98","4,206.26","54.88M","0.40%"
"02/02/2023","4,241.12","4,174.33","4,245.08","4,174.33","54.60M","1.67%"
"02/01/2023","4,171.44","4,168.81","4,187.61","4,159.01","42.48M","0.19%"
"01/31/2023","4,163.45","4,155.31","4,166.17","4,124.58","43.15M","0.12%"
"01/30/2023","4,158.63","4,166.75","4,166.75","4,122.21","25.85M","-0.46%"
"01/27/2023","4,178.01","4,177.26","4,188.71","4,154.53","27.71M","0.10%"
"01/26/2023","4,173.98","4,156.51","4,183.56","4,156.51","32.65M","0.62%"
"01/25/2023","4,148.11","4,153.63","4,158.77","4,116.99","26.03M","-0.12%"
"01/24/2023","4,153.02","4,154.26","4,167.02","4,132.24","25.72M","0.05%"
"01/23/2023","4,150.82","4,121.97","4,157.13","4,121.97","27.75M","0.75%"
"01/20/2023","4,119.90","4,101.64","4,126.17","4,100.17","36.59M","0.63%"
"01/19/2023","4,094.28","4,156.10","4,158.57","4,092.57","35.79M","-1.92%"
"01/18/2023","4,174.34","4,171.03","4,197.47","4,171.03","29.03M","0.00%"
"01/17/2023","4,174.33","4,153.93","4,193.30","4,142.29","31.15M","0.42%"
"01/16/2023","4,157.00","4,155.74","4,162.51","4,145.27","20.97M","0.15%"
"01/13/2023","4,150.80","4,129.11","4,160.97","4,129.11","31.28M","0.58%"
"01/12/2023","4,126.68","4,104.14","4,144.37","4,104.14","32.44M","0.66%"
"01/11/2023","4,099.76","4,062.38","4,107.81","4,062.38","30.66M","1.04%"
"01/10/2023","4,057.46","4,052.62","4,063.29","4,042.42","26.65M","-0.27%"
"01/09/2023","4,068.62","4,027.51","4,080.55","4,025.16","32.74M","1.26%"
"01/06/2023","4,017.83","3,959.96","4,017.85","3,951.93","28.23M","1.47%"
"01/05/2023","3,959.48","3,967.01","3,974.61","3,950.42","26.93M","-0.36%"
"01/04/2023","3,973.97","3,891.04","3,975.50","3,891.04","39.91M","2.36%"
"01/03/2023","3,882.29","3,852.07","3,921.37","3,852.07","33.16M","0.68%"
"01/02/2023","3,856.09","3,802.51","3,860.74","3,802.51","19.04M","1.65%"
"12/30/2022","3,793.62","3,845.92","3,845.92","3,792.09","16.36M","-1.47%"
"12/29/2022","3,850.07","3,803.24","3,851.39","3,793.25","17.58M","1.08%"
"12/28/2022","3,808.82","3,833.45","3,842.22","3,805.94","13.85M","-0.63%"
"12/27/2022","3,832.89","3,826.99","3,854.61","3,826.99","12.77M","0.42%"
"12/23/2022","3,817.01","3,823.70","3,833.61","3,798.74","14.82M","-0.16%"
"12/22/2022","3,823.29","3,870.98","3,889.70","3,817.49","20.22M","-1.26%"
"12/21/2022","3,872.15","3,810.87","3,874.36","3,810.87","25.09M","1.83%"
"12/20/2022","3,802.49","3,790.58","3,816.90","3,767.26","28.10M","-0.23%"
"12/19/2022","3,811.24","3,808.53","3,835.63","3,808.53","22.54M","0.19%"
"12/16/2022","3,804.02","3,831.00","3,837.77","3,783.94","72.87M","-0.83%"
"12/15/2022","3,835.70","3,950.02","3,950.02","3,831.21","49.10M","-3.51%"
"12/14/2022","3,975.26","3,980.71","3,980.71","3,955.15","26.72M","-0.29%"
"12/13/2022","3,986.83","3,926.36","4,035.15","3,923.93","33.65M","1.66%"
"12/12/2022","3,921.82","3,931.59","3,936.11","3,911.67","20.95M","-0.53%"
"12/09/2022","3,942.62","3,926.59","3,946.50","3,905.94","26.35M","0.54%"
"12/08/2022","3,921.27","3,926.17","3,931.08","3,903.93","19.98M","0.01%"
"12/07/2022","3,920.90","3,929.71","3,944.03","3,911.46","25.63M","-0.46%"
"12/06/2022","3,939.19","3,953.50","3,963.51","3,924.65","26.96M","-0.44%"
"12/05/2022","3,956.53","3,973.45","3,977.73","3,950.31","20.32M","-0.54%"
"12/02/2022","3,977.90","3,974.16","3,996.57","3,940.52","28.79M","-0.17%"
"12/01/2022","3,984.50","3,970.68","4,004.19","3,968.89","35.84M","0.50%"
"11/30/2022","3,964.72","3,945.71","3,972.69","3,943.46","54.93M","0.77%"
"11/29/2022","3,934.44","3,941.55","3,953.98","3,924.56","26.49M","-0.03%"
"11/28/2022","3,935.51","3,952.71","3,957.56","3,925.13","26.03M","-0.68%"
"11/25/2022","3,962.41","3,962.26","3,975.17","3,951.64","22.53M","0.01%"
"11/24/2022","3,961.99","3,948.78","3,976.43","3,947.16","21.29M","0.39%"
"11/23/2022","3,946.44","3,938.57","3,950.14","3,925.37","28.05M","0.42%"
"11/22/2022","3,929.90","3,903.80","3,935.55","3,901.14","32.16M","0.53%"
"11/21/2022","3,909.28","3,915.66","3,921.95","3,896.71","","-0.40%"
"11/18/2022","3,924.84","3,889.56","3,940.94","3,889.56","43.43M","1.20%"
"11/17/2022","3,878.42","3,890.17","3,910.17","3,842.87","32.44M","-0.11%"
"11/16/2022","3,882.78","3,911.68","3,918.97","3,873.34","29.79M","-0.83%"
"11/15/2022","3,915.09","3,896.29","3,932.23","3,889.25","31.09M","0.71%"
"11/14/2022","3,887.51","3,873.51","3,915.67","3,872.21","27.38M","0.49%"
"11/11/2022","3,868.50","3,873.07","3,890.25","3,859.50","38.27M","0.57%"
"11/10/2022","3,846.56","3,717.69","3,849.14","3,706.79","44.83M","3.18%"
"11/09/2022","3,728.03","3,735.47","3,739.65","3,708.51","30.77M","-0.30%"
"11/08/2022","3,739.28","3,704.20","3,741.29","3,695.17","27.40M","0.82%"
"11/07/2022","3,708.80","3,682.46","3,719.21","3,667.98","34.45M","0.55%"
"11/04/2022","3,688.33","3,601.92","3,711.21","3,601.92","50.02M","2.65%"
"11/03/2022","3,593.18","3,596.07","3,597.58","3,563.42","28.57M","-0.80%"
"11/02/2022","3,622.01","3,653.42","3,675.66","3,621.18","29.43M","-0.79%"
"11/01/2022","3,651.02","3,628.60","3,680.24","3,628.60","27.27M","0.93%"
"10/31/2022","3,617.54","3,622.55","3,631.23","3,606.97","29.74M","0.13%"
"10/28/2022","3,613.02","3,594.60","3,615.91","3,558.55","29.71M","0.24%"
"10/27/2022","3,604.51","3,604.95","3,618.73","3,565.36","38.26M","-0.02%"
"10/26/2022","3,605.31","3,586.47","3,609.72","3,560.43","31.45M","0.55%"
"10/25/2022","3,585.58","3,536.92","3,585.58","3,511.52","29.93M","1.64%"
"10/24/2022","3,527.79","3,488.78","3,552.74","3,473.21","31.33M","1.47%"
"10/21/2022","3,476.63","3,477.27","3,488.01","3,422.93","38.82M","-0.46%"
"10/20/2022","3,492.85","3,467.57","3,501.58","3,451.75","29.62M","0.62%"
"10/19/2022","3,471.24","3,466.71","3,498.20","3,458.17","23.23M","0.21%"
"10/18/2022","3,463.83","3,449.95","3,511.06","3,449.95","32.67M","0.64%"
"10/17/2022","3,441.64","3,382.12","3,456.81","3,369.55","26.49M","1.77%"
"10/14/2022","3,381.73","3,371.71","3,452.99","3,371.71","34.86M","0.57%"
"10/13/2022","3,362.40","3,321.18","3,373.11","3,256.32","35.40M","0.93%"
"10/12/2022","3,331.53","3,339.50","3,365.85","3,315.54","27.90M","-0.26%"
"10/11/2022","3,340.35","3,352.54","3,356.41","3,310.41","28.87M","-0.49%"
"10/10/2022","3,356.88","3,367.86","3,389.94","3,338.36","24.64M","-0.55%"
"10/07/2022","3,375.46","3,419.31","3,434.13","3,373.65","28.23M","-1.69%"
"10/06/2022","3,433.45","3,455.28","3,476.67","3,419.80","26.75M","-0.41%"
"10/05/2022","3,447.72","3,479.24","3,480.45","3,427.70","30.01M","-1.05%"
"10/04/2022","3,484.48","3,359.71","3,484.48","3,359.71","37.03M","4.26%"
"10/03/2022","3,342.17","3,309.02","3,348.45","3,259.75","31.50M","0.72%"
"09/30/2022","3,318.20","3,282.00","3,324.24","3,279.98","39.52M","1.19%"
"09/29/2022","3,279.04","3,332.80","3,332.80","3,249.57","40.55M","-1.69%"
"09/28/2022","3,335.30","3,322.59","3,339.55","3,259.33","43.67M","0.20%"
"09/27/2022","3,328.65","3,349.94","3,396.08","3,328.65","38.82M","-0.42%"
"09/26/2022","3,342.56","3,343.20","3,377.61","3,325.20","32.22M","-0.18%"
"09/23/2022","3,348.60","3,427.14","3,427.14","3,330.10","37.88M","-2.29%"
"09/22/2022","3,427.14","3,476.23","3,494.38","3,427.06","29.85M","-1.85%"
"09/21/2022","3,491.87","3,461.30","3,494.41","3,425.70","28.27M","0.71%"
"09/20/2022","3,467.09","3,500.42","3,537.91","3,459.94","35.42M","-0.93%"
"09/19/2022","3,499.49","3,499.78","3,520.11","3,451.51","24.09M","-0.03%"
"09/16/2022","3,500.41","3,532.20","3,532.20","3,482.40","64.57M","-1.17%"
"09/15/2022","3,541.79","3,566.47","3,586.36","3,532.08","42.87M","-0.72%"
"09/14/2022","3,567.56","3,583.88","3,591.37","3,545.80","29.90M","-0.52%"
"09/13/2022","3,586.18","3,649.24","3,683.02","3,586.08","34.99M","-1.65%"
"09/12/2022","3,646.51","3,579.18","3,657.23","3,579.18","36.11M","2.14%"
"09/09/2022","3,570.04","3,512.71","3,581.57","3,512.71","36.56M","1.64%"
"09/08/2022","3,512.38","3,510.91","3,524.64","3,454.60","34.83M","0.29%"
"09/07/2022","3,502.09","3,495.02","3,510.90","3,462.86","28.57M","0.06%"
"09/06/2022","3,500.14","3,490.16","3,521.10","3,471.89","25.36M","0.29%"
"09/05/2022","3,490.01","3,532.77","3,532.77","3,445.84","26.17M","-1.53%"
"09/02/2022","3,544.38","3,466.66","3,548.85","3,466.66","29.98M","2.54%"
"09/01/2022","3,456.70","3,514.49","3,514.49","3,448.49","27.77M","-1.72%"
"08/31/2022","3,517.25","3,571.97","3,583.05","3,517.25","41.30M","-1.25%"
"08/30/2022","3,561.92","3,576.89","3,629.50","3,545.92","30.13M","-0.24%"
"08/29/2022","3,570.51","3,600.48","3,600.48","3,537.24","23.78M","-0.92%"
"08/26/2022","3,603.68","3,682.02","3,706.49","3,593.48","32.30M","-1.93%"
"08/25/2022","3,674.54","3,670.57","3,703.52","3,659.75","28.98M","0.19%"
"08/24/2022","3,667.46","3,651.05","3,672.79","3,626.41","22.41M","0.41%"
"08/23/2022","3,652.52","3,654.04","3,674.73","3,635.27","29.74M","-0.16%"
"08/22/2022","3,658.22","3,724.14","3,724.14","3,643.72","31.46M","-1.93%"
"08/19/2022","3,730.32","3,772.25","3,772.25","3,725.55","31.65M","-1.25%"
"08/18/2022","3,777.38","3,755.85","3,779.77","3,748.89","21.45M","0.57%"
"08/17/2022","3,756.06","3,806.93","3,813.04","3,751.57","25.85M","-1.29%"
"08/16/2022","3,805.22","3,796.04","3,819.12","3,786.59","23.98M","0.41%"
"08/15/2022","3,789.62","3,782.19","3,794.90","3,763.03","21.43M","0.34%"
"08/12/2022","3,776.81","3,760.58","3,784.19","3,756.19","26.90M","0.53%"
"08/11/2022","3,757.05","3,761.45","3,771.20","3,741.25","23.95M","0.21%"
"08/10/2022","3,749.35","3,714.40","3,757.89","3,694.88","25.96M","0.91%"
"08/09/2022","3,715.37","3,752.26","3,755.32","3,711.55","22.62M","-1.11%"
"08/08/2022","3,757.22","3,737.31","3,778.99","3,737.31","24.56M","0.85%"
"08/05/2022","3,725.39","3,751.51","3,757.48","3,716.39","29.12M","-0.78%"
"08/04/2022","3,754.60","3,733.52","3,781.57","3,733.52","31.19M","0.59%"
"08/03/2022","3,732.54","3,687.99","3,734.79","3,681.89","29.49M","1.30%"
"08/02/2022","3,684.63","3,701.63","3,701.63","3,664.28","29.91M","-0.59%"
"08/01/2022","3,706.62","3,705.76","3,730.98","3,699.77","29.98M","-0.04%"
"07/29/2022","3,708.10","3,662.70","3,720.16","3,662.70","47.39M","1.53%"
"07/28/2022","3,652.20","3,623.29","3,652.87","3,594.58","39.51M","1.23%"
"07/27/2022","3,607.78","3,583.39","3,617.50","3,583.39","28.85M","0.91%"
"07/26/2022","3,575.36","3,602.01","3,604.37","3,571.84","26.05M","-0.80%"
"07/25/2022","3,604.16","3,592.33","3,619.52","3,572.75","28.37M","0.21%"
"07/22/2022","3,596.49","3,589.96","3,625.16","3,577.81","37.70M","0.00%"
"07/21/2022","3,596.51","3,581.72","3,611.10","3,554.69","50.38M","0.31%"
"07/20/2022","3,585.24","3,583.86","3,605.32","3,546.46","40.31M","-0.06%"
"07/19/2022","3,587.44","3,498.43","3,593.78","3,473.64","38.04M","2.15%"
"07/18/2022","3,511.86","3,480.36","3,532.61","3,480.36","33.83M","1.00%"
"07/15/2022","3,477.20","3,402.68","3,480.85","3,394.02","42.29M","2.37%"
"07/14/2022","3,396.61","3,449.34","3,454.26","3,372.12","44.51M","-1.66%"
"07/13/2022","3,453.97","3,481.82","3,481.82","3,409.54","30.82M","-0.95%"
"07/12/2022","3,487.05","3,457.15","3,489.37","3,425.59","43.01M","0.44%"
"07/11/2022","3,471.69","3,485.00","3,492.11","3,440.14","25.93M","-0.99%"
"07/08/2022","3,506.55","3,484.71","3,510.86","3,454.51","30.50M","0.52%"
"07/07/2022","3,488.50","3,443.25","3,493.94","3,443.25","37.43M","1.95%"
"07/06/2022","3,421.84","3,368.51","3,438.96","3,368.51","37.70M","1.85%"
"07/05/2022","3,359.83","3,464.39","3,477.04","3,357.06","40.51M","-2.68%"
"07/04/2022","3,452.42","3,458.99","3,476.63","3,445.39","28.14M","0.12%"
"07/01/2022","3,448.31","3,450.62","3,471.25","3,405.44","34.14M","-0.19%"
"06/30/2022","3,454.86","3,501.20","3,501.20","3,414.74","47.87M","-1.69%"
"06/29/2022","3,514.32","3,534.82","3,534.82","3,495.18","27.09M","-0.99%"
"06/28/2022","3,549.29","3,545.92","3,583.46","3,545.89","28.20M","0.29%"
"06/27/2022","3,538.88","3,537.86","3,595.67","3,523.97","33.20M","0.16%"
"06/24/2022","3,533.17","3,443.28","3,538.94","3,443.28","33.37M","2.82%"
"06/23/2022","3,436.29","3,456.35","3,481.85","3,411.83","39.57M","-0.82%"
"06/22/2022","3,464.64","3,494.00","3,494.00","3,413.04","31.50M","-0.84%"
"06/21/2022","3,494.00","3,469.83","3,524.24","3,469.83","28.68M","0.70%"
"06/20/2022","3,469.83","3,443.25","3,469.85","3,429.40","27.03M","0.91%"
"06/17/2022","3,438.46","3,433.56","3,485.94","3,422.78","73.48M","0.31%"
"06/16/2022","3,427.91","3,528.11","3,528.11","3,420.65","40.20M","-2.96%"
"06/15/2022","3,532.32","3,496.28","3,549.27","3,487.44","42.38M","1.64%"
"06/14/2022","3,475.18","3,512.04","3,540.87","3,466.69","35.90M","-0.78%"
"06/13/2022","3,502.50","3,581.87","3,581.87","3,494.31","48.85M","-2.69%"
"06/10/2022","3,599.20","3,716.56","3,716.56","3,596.64","57.00M","-3.36%"
"06/09/2022","3,724.45","3,780.03","3,788.97","3,719.52","32.69M","-1.70%"
"06/08/2022","3,788.93","3,815.77","3,823.98","3,768.43","27.01M","-0.47%"
"06/07/2022","3,806.74","3,830.21","3,830.21","3,783.35","22.61M","-0.83%"
"06/06/2022","3,838.42","3,793.07","3,857.27","3,793.07","22.41M","1.45%"
"06/03/2022","3,783.66","3,813.29","3,822.37","3,777.47","20.35M","-0.30%"
"06/02/2022","3,795.13","3,761.19","3,799.18","3,761.19","18.42M","0.95%"
"06/01/2022","3,759.54","3,800.10","3,813.04","3,755.06","29.50M","-0.78%"
"05/31/2022","3,789.21","3,833.03","3,833.73","3,780.41","53.94M","-1.36%"
"05/30/2022","3,841.62","3,817.71","3,852.68","3,817.71","25.41M","0.86%"
"05/27/2022","3,808.86","3,744.63","3,808.86","3,744.63","27.51M","1.83%"
"05/26/2022","3,740.31","3,675.24","3,747.41","3,675.24","26.88M","1.72%"
"05/25/2022","3,677.10","3,652.39","3,690.82","3,633.78","32.82M","0.81%"
"05/24/2022","3,647.56","3,700.12","3,700.12","3,645.51","31.89M","-1.64%"
"05/23/2022","3,708.39","3,669.53","3,708.39","3,653.14","31.08M","1.40%"
"05/20/2022","3,657.03","3,650.09","3,710.67","3,645.77","37.52M","0.45%"
"05/19/2022","3,640.55","3,662.53","3,662.53","3,592.01","32.44M","-1.36%"
"05/18/2022","3,690.74","3,745.24","3,752.29","3,684.36","27.47M","-1.36%"
"05/17/2022","3,741.51","3,696.01","3,752.14","3,696.01","29.25M","1.52%"
"05/16/2022","3,685.34","3,695.78","3,705.23","3,660.19","25.62M","-0.49%"
"05/13/2022","3,703.42","3,628.25","3,703.42","3,628.25","30.82M","2.49%"
"05/12/2022","3,613.43","3,617.71","3,637.62","3,544.56","37.61M","-0.94%"
"05/11/2022","3,647.87","3,575.16","3,647.87","3,553.72","40.40M","2.62%"
"05/10/2022","3,554.80","3,537.66","3,611.08","3,537.66","36.98M","0.79%"
"05/09/2022","3,526.86","3,618.45","3,628.25","3,526.86","34.33M","-2.82%"
"05/06/2022","3,629.17","3,678.85","3,678.85","3,602.77","47.21M","-1.82%"
"05/05/2022","3,696.63","3,744.91","3,814.11","3,684.45","41.08M","-0.76%"
"05/04/2022","3,724.99","3,758.44","3,767.66","3,724.95","26.73M","-0.96%"
"05/03/2022","3,761.19","3,738.49","3,773.30","3,727.52","32.00M","0.77%"
"05/02/2022","3,732.44","3,772.91","3,772.91","3,692.82","29.91M","-1.85%"
"04/29/2022","3,802.86","3,785.58","3,833.89","3,785.58","35.63M","0.68%"
"04/28/2022","3,777.02","3,750.21","3,809.24","3,731.95","34.55M","1.13%"
"04/27/2022","3,734.64","3,719.35","3,748.97","3,675.54","44.56M","0.36%"
"04/26/2022","3,721.36","3,769.66","3,804.96","3,717.98","43.59M","-0.96%"
"04/25/2022","3,757.59","3,826.96","3,826.96","3,739.67","","-2.15%"
"04/22/2022","3,840.01","3,905.80","3,905.80","3,838.19","36.31M","-2.24%"
"04/21/2022","3,928.03","3,901.33","3,954.30","3,897.46","28.25M","0.80%"
"04/20/2022","3,896.81","3,835.16","3,905.75","3,833.46","33.04M","1.72%"
"04/19/2022","3,830.76","3,842.07","3,848.63","3,793.47","27.12M","-0.47%"
"04/14/2022","3,848.68","3,834.33","3,859.59","3,823.85","31.41M","0.54%"
"04/13/2022","3,827.96","3,827.47","3,833.98","3,788.87","27.16M","-0.09%"
"04/12/2022","3,831.47","3,818.76","3,853.23","3,763.32","33.59M","-0.21%"
"04/11/2022","3,839.62","3,845.70","3,870.06","3,813.16","28.85M","-0.49%"
"04/08/2022","3,858.37","3,812.08","3,872.59","3,812.08","32.21M","1.48%"
"04/07/2022","3,802.01","3,836.46","3,874.29","3,797.60","34.69M","-0.59%"
"04/06/2022","3,824.69","3,915.53","3,915.53","3,792.56","46.12M","-2.38%"
"04/05/2022","3,917.85","3,952.58","3,969.04","3,896.62","33.32M","-0.84%"
"04/04/2022","3,951.12","3,925.27","3,956.59","3,891.00","26.73M","0.83%"
"04/01/2022","3,918.68","3,906.57","3,935.73","3,895.70","28.15M","0.41%"
"03/31/2022","3,902.52","3,964.01","3,979.70","3,902.52","35.96M","-1.43%"
"03/30/2022","3,959.14","3,997.46","3,997.46","3,942.81","34.14M","-1.08%"
"03/29/2022","4,002.18","3,906.47","4,024.89","3,906.47","50.86M","2.96%"
"03/28/2022","3,887.10","3,870.33","3,946.78","3,870.33","33.83M","0.50%"
"03/25/2022","3,867.73","3,871.34","3,903.94","3,853.35","28.93M","0.11%"
"03/24/2022","3,863.39","3,874.32","3,892.91","3,845.44","31.64M","-0.15%"
"03/23/2022","3,869.22","3,934.13","3,937.81","3,853.54","34.11M","-1.45%"
"03/22/2022","3,926.12","3,886.26","3,935.45","3,886.26","32.18M","1.14%"
"03/21/2022","3,881.80","3,900.84","3,914.08","3,877.59","30.43M","-0.53%"
"03/18/2022","3,902.44","3,886.49","3,902.44","3,824.02","63.14M","0.44%"
"03/17/2022","3,885.32","3,901.70","3,913.72","3,843.10","47.89M","-0.11%"
"03/16/2022","3,889.69","3,766.79","3,929.96","3,766.79","64.06M","4.05%"
"03/15/2022","3,738.11","3,723.23","3,753.26","3,641.50","43.61M","-0.08%"
"03/14/2022","3,741.10","3,694.76","3,789.58","3,694.76","41.81M","1.47%"
"03/11/2022","3,686.78","3,657.37","3,801.48","3,630.28","56.51M","0.97%"
"03/10/2022","3,651.39","3,764.64","3,764.64","3,627.13","61.01M","-3.04%"
"03/09/2022","3,766.02","3,548.49","3,766.02","3,548.49","75.63M","7.44%"
"03/08/2022","3,505.29","3,489.16","3,610.95","3,469.20","71.84M","-0.20%"
"03/07/2022","3,512.22","3,529.57","3,599.93","3,387.00","82.26M","-1.23%"
"03/04/2022","3,556.01","3,723.97","3,723.97","3,556.01","74.42M","-4.96%"
"03/03/2022","3,741.78","3,819.14","3,841.92","3,731.35","50.89M","-2.06%"
"03/02/2022","3,820.59","3,755.27","3,849.72","3,720.72","67.45M","1.45%"
"03/01/2022","3,765.85","3,920.03","3,923.75","3,765.85","71.93M","-4.04%"
"02/28/2022","3,924.23","3,940.99","3,940.99","3,825.08","77.05M","-1.17%"
"02/25/2022","3,970.69","3,836.85","3,970.83","3,829.28","66.18M","3.69%"
"02/24/2022","3,829.29","3,939.51","3,939.51","3,765.42","88.82M","-3.63%"
"02/23/2022","3,973.41","3,991.66","4,054.17","3,962.79","32.53M","-0.30%"
"02/22/2022","3,985.47","3,960.20","4,016.46","3,894.99","43.50M","-0.01%"
"02/21/2022","3,985.71","4,090.71","4,104.63","3,957.20","29.69M","-2.17%"
"02/18/2022","4,074.28","4,107.72","4,128.73","4,054.72","32.43M","-0.95%"
"02/17/2022","4,113.19","4,139.88","4,158.44","4,092.79","32.11M","-0.58%"
"02/16/2022","4,137.22","4,149.56","4,180.32","4,117.17","31.01M","-0.16%"
"02/15/2022","4,143.71","4,059.25","4,143.71","4,043.57","38.91M","1.95%"
"02/14/2022","4,064.45","4,125.31","4,125.31","4,002.91","53.34M","-2.18%"
"02/11/2022","4,155.23","4,170.73","4,177.91","4,133.35","39.79M","-1.00%"
"02/10/2022","4,197.07","4,208.20","4,239.61","4,169.84","46.95M","-0.17%"
"02/09/2022","4,204.09","4,140.41","4,208.76","4,140.41","45.88M","1.81%"
"02/08/2022","4,129.25","4,117.21","4,156.17","4,103.63","39.83M","0.21%"
"02/07/2022","4,120.56","4,101.89","4,131.84","4,074.86","38.51M","0.83%"
"02/04/2022","4,086.58","4,154.75","4,167.87","4,067.51","47.41M","-1.31%"
"02/03/2022","4,141.02","4,215.41","4,215.41","4,141.02","47.35M","-1.92%"
"02/02/2022","4,222.05","4,242.74","4,259.28","4,222.05","37.64M","-0.06%"
"02/01/2022","4,224.45","4,184.63","4,232.44","4,184.63","33.00M","1.19%"
"01/31/2022","4,174.60","4,161.77","4,200.83","4,134.07","39.62M","0.91%"
"01/28/2022","4,136.91","4,174.57","4,181.23","4,071.71","35.33M","-1.15%"
"01/27/2022","4,184.97","4,144.78","4,204.86","4,088.91","42.38M","0.49%"
"01/26/2022","4,164.60","4,096.51","4,188.17","4,096.51","36.43M","2.12%"
"01/25/2022","4,078.26","4,078.81","4,112.25","4,039.52","33.49M","0.59%"
"01/24/2022","4,054.36","4,213.83","4,224.47","4,035.28","45.81M","-4.14%"
"01/21/2022","4,229.56","4,278.18","4,278.18","4,188.93","43.75M","-1.63%"
"01/20/2022","4,299.61","4,271.25","4,300.64","4,248.01","31.73M","0.73%"
"01/19/2022","4,268.28","4,249.40","4,302.17","4,234.62","34.56M","0.25%"
"01/18/2022","4,257.82","4,293.58","4,293.58","4,234.29","29.77M","-1.03%"
"01/17/2022","4,302.14","4,281.31","4,310.49","4,274.25","20.51M","0.70%"
"01/14/2022","4,272.19","4,307.48","4,307.48","4,256.61","34.93M","-1.01%"
"01/13/2022","4,315.90","4,319.26","4,335.49","4,294.99","31.41M","-0.01%"
"01/12/2022","4,316.39","4,306.25","4,328.76","4,289.00","39.87M","0.81%"
"01/11/2022","4,281.54","4,251.80","4,303.17","4,251.80","26.40M","0.99%"
"01/10/2022","4,239.52","4,312.13","4,324.64","4,231.06","31.30M","-1.54%"
"01/07/2022","4,305.83","4,331.07","4,335.72","4,279.71","31.69M","-0.44%"
"01/06/2022","4,324.81","4,372.45","4,372.45","4,304.54","32.68M","-1.53%"
"01/05/2022","4,392.15","4,368.78","4,395.78","4,367.03","29.74M","0.56%"
"01/04/2022","4,367.62","4,346.45","4,390.59","4,342.25","32.59M","0.83%"
"01/03/2022","4,331.82","4,303.94","4,348.66","4,303.94","25.84M","0.78%"
"12/31/2021","4,298.41","4,298.41","4,298.41","4,298.41","","-0.18%"
"12/30/2021","4,306.07","4,286.63","4,309.54","4,285.29","18.58M","0.50%"
"12/29/2021","4,284.83","4,311.13","4,312.45","4,271.37","16.66M","-0.63%"
"12/28/2021","4,311.93","4,290.54","4,319.69","4,287.11","16.91M","0.56%"
"12/27/2021","4,287.98","4,249.90","4,293.89","4,240.49","13.90M","0.77%"
"12/24/2021","4,255.01","4,265.56","4,267.58","4,255.01","17.35M","-0.25%"
"12/23/2021","4,265.86","4,221.90","4,270.29","4,221.90","20.50M","1.16%"
"12/22/2021","4,217.06","4,180.89","4,217.06","4,167.89","19.26M","1.01%"
"12/21/2021","4,174.99","4,120.48","4,174.99","4,120.48","23.84M","1.65%"
"12/20/2021","4,107.13","4,140.33","4,140.33","4,046.69","30.15M","-1.30%"
"12/17/2021","4,161.35","4,195.94","4,195.94","4,130.36","59.79M","-0.96%"
"12/16/2021","4,201.87","4,198.25","4,250.90","4,198.25","35.43M","1.01%"
"12/15/2021","4,159.68","4,147.16","4,176.14","4,147.16","25.82M","0.37%"
"12/14/2021","4,144.51","4,198.90","4,210.52","4,143.50","28.74M","-0.92%"
"12/13/2021","4,183.04","4,206.45","4,241.12","4,176.97","24.17M","-0.38%"
"12/10/2021","4,199.16","4,198.18","4,221.57","4,178.66","25.37M","-0.22%"
"12/09/2021","4,208.30","4,242.66","4,246.52","4,201.85","26.13M","-0.59%"
"12/08/2021","4,233.09","4,273.32","4,288.20","4,233.09","32.55M","-1.01%"
"12/07/2021","4,276.20","4,157.72","4,277.03","4,157.72","34.42M","3.36%"
"12/06/2021","4,137.11","4,095.39","4,146.16","4,078.64","30.03M","1.40%"
"12/03/2021","4,080.15","4,118.98","4,150.42","4,059.02","33.31M","-0.68%"
"12/02/2021","4,108.02","4,157.70","4,157.70","4,086.82","36.90M","-1.70%"
"12/01/2021","4,179.15","4,080.85","4,187.86","4,080.85","37.48M","2.86%"
"11/30/2021","4,063.06","4,089.51","4,110.96","4,027.43","67.92M","-1.13%"
"11/29/2021","4,109.51","4,117.79","4,154.15","4,097.98","42.57M","0.49%"
"11/26/2021","4,089.58","4,213.93","4,213.93","4,086.66","66.89M","-4.74%"
"11/25/2021","4,293.24","4,286.63","4,304.86","4,278.80","20.88M","0.40%"
"11/24/2021","4,276.25","4,284.60","4,305.49","4,240.78","32.98M","-0.18%"
"11/23/2021","4,283.82","4,320.41","4,328.48","4,267.23","31.50M","-1.26%"
"11/22/2021","4,338.69","4,361.95","4,371.60","4,336.17","35.01M","-0.41%"
"11/19/2021","4,356.47","4,385.66","4,401.92","4,333.86","53.67M","-0.62%"
"11/18/2021","4,383.70","4,400.73","4,415.23","4,377.73","30.45M","-0.39%"
"11/17/2021","4,400.81","4,399.25","4,409.24","4,399.25","21.95M","-0.02%"
"11/16/2021","4,401.49","4,393.80","4,406.46","4,389.52","23.20M","0.35%"
"11/15/2021","4,386.19","4,364.52","4,386.19","4,364.52","22.95M","0.36%"
"11/12/2021","4,370.33","4,357.90","4,372.32","4,352.43","21.91M","0.28%"
"11/11/2021","4,358.00","4,347.26","4,358.80","4,334.93","21.88M","0.21%"
"11/10/2021","4,348.82","4,349.80","4,358.46","4,330.29","26.21M","0.10%"
"11/09/2021","4,344.63","4,346.62","4,364.04","4,337.66","24.14M","-0.18%"
"11/08/2021","4,352.53","4,359.74","4,366.54","4,352.45","24.73M","-0.24%"
"11/05/2021","4,363.04","4,330.14","4,375.04","4,330.14","31.45M","0.69%"
"11/04/2021","4,333.34","4,314.51","4,340.81","4,314.51","37.96M","0.55%"
"11/03/2021","4,309.61","4,292.59","4,309.66","4,291.10","28.69M","0.31%"
"11/02/2021","4,296.22","4,276.72","4,297.45","4,273.10","24.98M","0.37%"
"11/01/2021","4,280.47","4,256.93","4,291.81","4,256.93","28.15M","0.70%"
"10/29/2021","4,250.56","4,228.73","4,250.68","4,187.81","35.86M","0.39%"
"10/28/2021","4,233.87","4,220.74","4,236.20","4,213.17","29.45M","0.31%"
"10/27/2021","4,220.88","4,220.74","4,226.99","4,205.42","30.33M","-0.07%"
"10/26/2021","4,223.97","4,187.55","4,230.88","4,187.55","26.05M","0.85%"
"10/25/2021","4,188.31","4,194.84","4,198.97","4,185.14","25.37M","-0.01%"
"10/22/2021","4,188.81","4,158.44","4,203.67","4,158.44","23.22M","0.80%"
"10/21/2021","4,155.73","4,163.62","4,166.50","4,140.06","23.62M","-0.39%"
"10/20/2021","4,172.17","4,164.50","4,178.95","4,143.83","26.14M","0.13%"
"10/19/2021","4,166.83","4,159.22","4,169.61","4,151.44","29.47M","0.37%"
"10/18/2021","4,151.40","4,177.73","4,177.73","4,131.41","32.05M","-0.75%"
"10/15/2021","4,182.91","4,160.04","4,186.61","4,159.07","52.84M","0.82%"
"10/14/2021","4,149.06","4,088.14","4,151.76","4,088.14","34.75M","1.61%"
"10/13/2021","4,083.28","4,052.48","4,092.73","4,040.31","30.58M","0.70%"
"10/12/2021","4,055.09","4,058.54","4,063.48","4,019.55","27.49M","-0.43%"
"10/11/2021","4,072.52","4,071.15","4,076.80","4,043.78","28.50M","-0.02%"
"10/08/2021","4,073.29","4,097.12","4,101.96","4,073.29","30.08M","-0.61%"
"10/07/2021","4,098.34","4,037.48","4,099.39","4,037.48","44.37M","2.14%"
"10/06/2021","4,012.65","4,049.64","4,049.64","3,965.87","45.05M","-1.30%"
"10/05/2021","4,065.43","4,002.61","4,066.64","4,001.42","43.06M","1.73%"
"10/04/2021","3,996.41","4,026.70","4,037.35","3,993.87","26.07M","-0.96%"
"10/01/2021","4,035.30","4,037.16","4,055.01","3,981.81","34.49M","-0.32%"
"09/30/2021","4,048.08","4,089.16","4,116.35","4,048.08","39.72M","-0.79%"
"09/29/2021","4,080.22","4,070.45","4,108.22","4,070.45","28.45M","0.53%"
"09/28/2021","4,058.82","4,160.47","4,160.47","4,056.17","42.08M","-2.56%"
"09/27/2021","4,165.48","4,164.63","4,196.07","4,159.60","38.02M","0.17%"
"09/24/2021","4,158.51","4,188.43","4,188.43","4,149.94","26.62M","-0.87%"
"09/23/2021","4,194.92","4,158.21","4,206.11","4,158.21","34.08M","1.08%"
"09/22/2021","4,150.19","4,104.43","4,150.19","4,104.43","32.15M","1.29%"
"09/21/2021","4,097.51","4,049.69","4,106.76","4,049.69","36.49M","1.33%"
"09/20/2021","4,043.63","4,102.19","4,102.19","4,011.49","50.99M","-2.11%"
"09/17/2021","4,130.84","4,180.28","4,213.73","4,119.27","69.03M","-0.94%"
"09/16/2021","4,169.87","4,151.63","4,190.17","4,151.63","33.37M","0.58%"
"09/15/2021","4,145.94","4,188.92","4,196.60","4,145.94","33.86M","-1.09%"
"09/14/2021","4,191.67","4,188.35","4,202.44","4,163.95","26.40M","0.05%"
"09/13/2021","4,189.53","4,174.67","4,210.62","4,174.67","25.54M","0.46%"
"09/10/2021","4,170.35","4,184.05","4,205.22","4,161.09","23.73M","-0.16%"
"09/09/2021","4,177.11","4,171.46","4,194.59","4,134.80","23.63M","0.00%"
"09/08/2021","4,177.15","4,219.82","4,219.82","4,160.37","28.21M","-1.13%"
"09/07/2021","4,225.01","4,244.40","4,245.76","4,219.86","19.62M","-0.50%"
"09/06/2021","4,246.13","4,204.07","4,252.78","4,204.07","14.03M","1.05%"
"09/03/2021","4,201.98","4,234.26","4,234.26","4,182.96","22.43M","-0.71%"
"09/02/2021","4,232.10","4,225.03","4,239.02","4,219.42","18.50M","0.11%"
"09/01/2021","4,227.27","4,207.00","4,251.39","4,207.00","28.01M","0.74%"
"08/31/2021","4,196.41","4,201.77","4,222.62","4,175.32","32.96M","-0.06%"
"08/30/2021","4,198.80","4,191.99","4,202.87","4,191.79","11.04M","0.19%"
"08/27/2021","4,190.98","4,167.39","4,192.09","4,160.47","14.67M","0.51%"
"08/26/2021","4,169.87","4,172.32","4,176.28","4,141.33","20.15M","-0.27%"
"08/25/2021","4,181.12","4,178.17","4,188.23","4,178.17","17.48M","0.07%"
"08/24/2021","4,178.08","4,182.68","4,197.67","4,163.69","17.98M","0.04%"
"08/23/2021","4,176.42","4,160.76","4,184.03","4,157.49","20.01M","0.70%"
"08/20/2021","4,147.50","4,125.30","4,150.66","4,105.99","22.12M","0.55%"
"08/19/2021","4,124.71","4,183.74","4,183.74","4,082.07","31.92M","-1.54%"
"08/18/2021","4,189.42","4,197.32","4,199.50","4,179.58","22.13M","-0.17%"
"08/17/2021","4,196.40","4,197.85","4,202.02","4,172.67","28.10M","-0.14%"
"08/16/2021","4,202.44","4,219.79","4,219.79","4,188.97","20.11M","-0.64%"
"08/13/2021","4,229.70","4,225.73","4,242.26","4,223.49","18.09M","0.08%"
"08/12/2021","4,226.33","4,205.74","4,232.22","4,204.12","20.47M","0.48%"
"08/11/2021","4,206.33","4,189.63","4,219.06","4,184.87","23.52M","0.44%"
"08/10/2021","4,187.82","4,178.59","4,197.12","4,178.59","16.68M","0.26%"
"08/09/2021","4,177.15","4,175.57","4,186.05","4,170.95","18.16M","0.06%"
"08/06/2021","4,174.54","4,159.04","4,183.92","4,155.16","28.55M","0.32%"
"08/05/2021","4,161.08","4,141.30","4,166.14","4,141.30","22.24M","0.39%"
"08/04/2021","4,144.90","4,124.33","4,150.09","4,124.33","23.47M","0.65%"
"08/03/2021","4,117.95","4,114.52","4,129.21","4,102.13","21.79M","0.03%"
"08/02/2021","4,116.62","4,095.50","4,135.68","4,095.50","22.39M","0.67%"
"07/30/2021","4,089.30","4,113.11","4,114.28","4,078.33","30.30M","-0.67%"
"07/29/2021","4,116.77","4,104.98","4,128.81","4,104.98","22.53M","0.33%"
"07/28/2021","4,103.03","4,067.84","4,103.45","4,065.25","21.44M","0.94%"
"07/27/2021","4,064.83","4,099.80","4,099.80","4,056.23","22.91M","-0.92%"
"07/26/2021","4,102.59","4,103.50","4,106.40","4,072.86","25.84M","-0.16%"
"07/23/2021","4,109.10","4,066.70","4,111.43","4,066.70","21.70M","1.23%"
"07/22/2021","4,059.05","4,037.94","4,078.58","4,037.94","22.56M","0.80%"
"07/21/2021","4,026.68","3,973.90","4,029.09","3,973.90","28.96M","1.78%"
"07/20/2021","3,956.34","3,937.40","3,979.28","3,920.93","28.53M","0.71%"
"07/19/2021","3,928.53","4,018.91","4,018.91","3,904.78","37.55M","-2.66%"
"07/16/2021","4,035.77","4,060.22","4,072.58","4,014.58","24.11M","-0.51%"
"07/15/2021","4,056.39","4,096.00","4,096.00","4,046.04","22.67M","-1.05%"
"07/14/2021","4,099.50","4,088.10","4,104.83","4,077.14","16.40M","0.12%"
"07/13/2021","4,094.56","4,094.26","4,100.81","4,084.78","23.21M","0.03%"
"07/12/2021","4,093.38","4,068.64","4,098.76","4,046.11","18.35M","0.62%"
"07/09/2021","4,068.09","3,996.72","4,068.14","3,996.72","26.17M","1.91%"
"07/08/2021","3,991.66","4,070.74","4,070.74","3,961.98","39.13M","-2.13%"
"07/07/2021","4,078.53","4,055.64","4,083.11","4,055.64","24.35M","0.64%"
"07/06/2021","4,052.67","4,087.50","4,087.50","4,038.77","23.46M","-0.85%"
"07/05/2021","4,087.37","4,081.08","4,095.15","4,057.91","14.81M","0.07%"
"07/02/2021","4,084.31","4,082.70","4,099.99","4,076.23","18.77M","0.13%"
"07/01/2021","4,078.89","4,068.20","4,113.58","4,049.60","22.44M","0.36%"
"06/30/2021","4,064.30","4,104.75","4,111.98","4,048.05","30.69M","-1.05%"
"06/29/2021","4,107.51","4,092.30","4,124.33","4,090.29","20.70M","0.43%"
"06/28/2021","4,089.91","4,119.87","4,125.73","4,089.00","18.09M","-0.75%"
"06/25/2021","4,120.66","4,123.94","4,127.45","4,105.76","20.99M","-0.04%"
"06/24/2021","4,122.43","4,083.05","4,126.41","4,083.05","22.80M","1.14%"
"06/23/2021","4,075.94","4,126.10","4,133.98","4,075.94","20.79M","-1.14%"
"06/22/2021","4,123.13","4,112.34","4,128.40","4,093.47","21.21M","0.26%"
"06/21/2021","4,112.33","4,079.42","4,114.19","4,049.60","25.93M","0.71%"
"06/18/2021","4,083.37","4,155.78","4,165.59","4,078.76","65.76M","-1.80%"
"06/17/2021","4,158.14","4,144.91","4,164.58","4,131.42","30.56M","0.15%"
"06/16/2021","4,151.76","4,145.50","4,156.81","4,138.75","25.25M","0.20%"
"06/15/2021","4,143.52","4,144.80","4,158.36","4,143.52","21.05M","0.26%"
"06/14/2021","4,132.67","4,134.79","4,155.24","4,127.94","21.48M","0.14%"
"06/11/2021","4,126.70","4,098.04","4,128.99","4,097.99","21.15M","0.75%"
"06/10/2021","4,096.07","4,099.07","4,109.20","4,080.15","25.79M","-0.02%"
"06/09/2021","4,096.85","4,095.14","4,102.06","4,078.16","18.18M","0.02%"
"06/08/2021","4,096.01","4,098.63","4,115.62","4,092.76","24.82M","-0.04%"
"06/07/2021","4,097.65","4,089.27","4,107.03","4,069.52","23.91M","0.20%"
"06/04/2021","4,089.38","4,079.29","4,091.95","4,070.35","23.53M","0.25%"
"06/03/2021","4,079.24","4,088.95","4,088.95","4,051.81","23.19M","-0.23%"
"06/02/2021","4,088.50","4,072.10","4,088.52","4,064.07","23.88M","0.41%"
"06/01/2021","4,071.75","4,044.07","4,101.26","4,044.07","25.12M","0.80%"
"05/31/2021","4,039.46","4,068.11","4,071.74","4,037.25","17.65M","-0.76%"
"05/28/2021","4,070.56","4,042.37","4,075.87","4,042.37","22.78M","0.78%"
"05/27/2021","4,039.21","4,028.75","4,056.79","4,019.85","45.81M","0.19%"
"05/26/2021","4,031.67","4,039.57","4,054.14","4,022.05","25.92M","-0.11%"
"05/25/2021","4,036.04","4,042.49","4,056.95","4,036.04","24.82M","0.01%"
"05/24/2021","4,035.58","4,021.58","4,035.76","4,021.58","17.40M","0.24%"
"05/21/2021","4,025.78","4,001.53","4,032.97","3,999.11","31.69M","0.65%"
"05/20/2021","3,999.91","3,948.63","3,999.91","3,936.79","25.60M","1.60%"
"05/19/2021","3,936.74","3,995.70","3,995.70","3,892.72","32.61M","-1.71%"
"05/18/2021","4,005.34","4,014.68","4,043.21","3,996.75","28.23M","-0.04%"
"05/17/2021","4,006.84","4,018.16","4,032.11","3,993.88","25.37M","-0.26%"
"05/14/2021","4,017.44","3,970.76","4,017.44","3,961.10","26.88M","1.64%"
"05/13/2021","3,952.45","3,931.19","3,963.61","3,857.76","30.96M","0.13%"
"05/12/2021","3,947.43","3,947.65","3,964.80","3,925.85","34.88M","0.03%"
"05/11/2021","3,946.06","4,020.49","4,020.49","3,917.64","34.99M","-1.92%"
"05/10/2021","4,023.35","4,031.99","4,035.66","4,014.67","29.53M","-0.27%"
"05/07/2021","4,034.25","3,999.93","4,034.25","3,999.93","27.53M","0.87%"
"05/06/2021","3,999.44","3,997.70","4,022.74","3,974.82","34.95M","-0.08%"
"05/05/2021","4,002.79","3,927.29","4,003.09","3,927.29","30.13M","1.99%"
"05/04/2021","3,924.80","4,001.13","4,018.14","3,919.46","35.16M","-1.89%"
"05/03/2021","4,000.25","3,979.50","4,009.73","3,965.50","20.82M","0.64%"
"04/30/2021","3,974.74","3,993.19","4,004.84","3,974.72","28.08M","-0.55%"
"04/29/2021","3,996.90","4,021.44","4,033.87","3,985.25","34.48M","-0.45%"
"04/28/2021","4,015.03","4,011.02","4,026.74","4,006.34","28.23M","0.08%"
"04/27/2021","4,011.91","4,017.92","4,019.21","4,001.24","27.50M","-0.22%"
"04/26/2021","4,020.83","4,013.07","4,026.33","4,004.53","25.16M","0.19%"
"04/23/2021","4,013.34","4,011.10","4,016.82","3,981.87","19.47M","-0.04%"
"04/22/2021","4,014.80","3,979.58","4,017.19","3,979.58","20.99M","0.97%"
"04/21/2021","3,976.41","3,943.19","3,985.31","3,943.19","27.40M","0.91%"
"04/20/2021","3,940.46","4,014.01","4,018.66","3,935.83","33.92M","-1.98%"
"04/19/2021","4,019.91","4,033.59","4,040.88","4,017.70","23.39M","-0.32%"
"04/16/2021","4,032.99","3,992.56","4,037.61","3,991.20","36.67M","0.99%"
"04/15/2021","3,993.43","3,978.39","3,997.69","3,978.39","23.97M","0.43%"
"04/14/2021","3,976.28","3,973.33","3,982.08","3,968.68","23.44M","0.23%"
"04/13/2021","3,966.99","3,964.91","3,980.57","3,953.26","24.47M","0.13%"
"04/12/2021","3,961.90","3,978.54","3,980.52","3,961.90","19.44M","-0.43%"
"04/09/2021","3,978.84","3,978.84","3,987.73","3,970.41","21.46M","0.03%"
"04/08/2021","3,977.83","3,961.00","3,977.92","3,961.00","28.52M","0.53%"
"04/07/2021","3,956.77","3,965.86","3,971.89","3,952.12","22.48M","-0.34%"
"04/06/2021","3,970.42","3,950.18","3,988.10","3,950.18","31.22M","0.62%"
"04/01/2021","3,945.96","3,922.36","3,948.99","3,922.36","20.59M","0.68%"
"03/31/2021","3,919.21","3,923.92","3,925.97","3,910.90","29.09M","-0.18%"
"03/30/2021","3,926.20","3,885.11","3,929.49","3,885.11","28.35M","1.12%"
"03/29/2021","3,882.87","3,871.82","3,890.20","3,867.25","22.65M","0.42%"
"03/26/2021","3,866.68","3,841.46","3,871.88","3,841.46","24.74M","0.89%"
"03/25/2021","3,832.57","3,822.59","3,832.57","3,784.09","24.35M","0.00%"
"03/24/2021","3,832.55","3,820.78","3,833.66","3,803.84","27.17M","0.14%"
"03/23/2021","3,827.02","3,827.54","3,842.37","3,804.90","27.89M","-0.18%"
"03/22/2021","3,833.84","3,828.66","3,841.49","3,811.80","26.11M","-0.08%"
"03/19/2021","3,837.02","3,851.61","3,861.65","3,819.38","86.40M","-0.79%"
"03/18/2021","3,867.54","3,856.76","3,874.91","3,852.25","48.27M","0.46%"
"03/17/2021","3,849.74","3,846.58","3,853.66","3,838.43","33.60M","-0.03%"
"03/16/2021","3,850.96","3,842.33","3,856.78","3,838.22","37.12M","0.55%"
"03/15/2021","3,829.84","3,840.85","3,857.07","3,818.20","32.09M","-0.09%"
"03/12/2021","3,833.36","3,840.73","3,840.73","3,818.25","27.64M","-0.32%"
"03/11/2021","3,845.64","3,827.18","3,846.51","3,827.18","36.67M","0.67%"
"03/10/2021","3,819.92","3,780.26","3,822.66","3,780.00","34.47M","0.89%"
"03/09/2021","3,786.05","3,759.26","3,795.63","3,754.62","43.30M","0.61%"
"03/08/2021","3,763.24","3,679.35","3,767.45","3,679.35","47.41M","2.55%"
"03/05/2021","3,669.54","3,689.41","3,714.26","3,656.21","45.46M","-0.95%"
"03/04/2021","3,704.85","3,702.37","3,716.31","3,680.83","37.06M","-0.21%"
"03/03/2021","3,712.78","3,711.39","3,742.50","3,687.45","43.73M","0.14%"
"03/02/2021","3,707.72","3,702.80","3,728.47","3,689.82","29.65M","0.03%"
"03/01/2021","3,706.62","3,658.12","3,711.52","3,658.12","31.52M","1.93%"
"02/26/2021","3,636.44","3,665.89","3,676.59","3,622.24","46.00M","-1.33%"
"02/25/2021","3,685.28","3,716.67","3,728.65","3,685.28","48.97M","-0.56%"
"02/24/2021","3,705.99","3,684.67","3,712.66","3,681.66","33.99M","0.46%"
"02/23/2021","3,689.10","3,698.24","3,708.11","3,643.33","39.95M","-0.29%"
"02/22/2021","3,699.85","3,706.07","3,707.42","3,660.90","30.54M","-0.37%"
"02/19/2021","3,713.46","3,683.38","3,718.99","3,681.45","39.01M","0.88%"
"02/18/2021","3,681.04","3,700.99","3,711.38","3,672.80","31.64M","-0.51%"
"02/17/2021","3,699.85","3,720.26","3,726.35","3,696.12","36.00M","-0.71%"
"02/16/2021","3,726.40","3,735.53","3,740.56","3,718.66","28.61M","-0.21%"
"02/15/2021","3,734.20","3,711.35","3,742.53","3,706.40","35.29M","1.04%"
"02/12/2021","3,695.61","3,669.04","3,696.19","3,649.11","30.96M","0.65%"
"02/11/2021","3,671.68","3,654.34","3,673.39","3,648.41","29.12M","0.64%"
"02/10/2021","3,648.37","3,672.12","3,677.16","3,628.47","32.37M","-0.35%"
"02/09/2021","3,661.13","3,669.54","3,670.80","3,649.50","31.71M","-0.12%"
"02/08/2021","3,665.51","3,665.77","3,681.82","3,661.88","44.04M","0.27%"
"02/05/2021","3,655.77","3,642.69","3,668.40","3,642.28","56.12M","0.37%"
"02/04/2021","3,642.12","3,604.62","3,644.64","3,604.62","47.39M","0.90%"
"02/03/2021","3,609.75","3,599.76","3,632.67","3,599.36","56.22M","0.54%"
"02/02/2021","3,590.46","3,545.09","3,596.20","3,545.09","39.36M","1.69%"
"02/01/2021","3,530.85","3,492.86","3,543.18","3,492.86","30.79M","1.42%"
"01/29/2021","3,481.44","3,538.63","3,538.63","3,481.44","50.21M","-2.13%"
"01/28/2021","3,557.04","3,519.11","3,567.06","3,473.76","63.59M","0.58%"
"01/27/2021","3,536.38","3,593.19","3,593.19","3,502.74","52.94M","-1.57%"
"01/26/2021","3,592.83","3,551.21","3,607.42","3,551.21","43.38M","1.12%"
"01/25/2021","3,553.14","3,614.72","3,621.49","3,540.25","42.06M","-1.37%"
"01/22/2021","3,602.41","3,611.43","3,611.43","3,570.68","32.66M","-0.44%"
"01/21/2021","3,618.35","3,637.86","3,649.73","3,616.50","28.63M","-0.16%"
"01/20/2021","3,624.04","3,603.80","3,630.44","3,603.57","27.55M","0.80%"
"01/19/2021","3,595.42","3,618.03","3,623.26","3,591.73","25.09M","-0.20%"
"01/18/2021","3,602.67","3,591.23","3,603.36","3,577.77","20.61M","0.09%"
"01/15/2021","3,599.55","3,633.41","3,633.46","3,573.60","39.02M","-1.15%"
"01/14/2021","3,641.37","3,619.30","3,647.32","3,619.30","35.17M","0.69%"
"01/13/2021","3,616.51","3,615.02","3,624.19","3,599.49","27.86M","0.12%"
"01/12/2021","3,612.13","3,622.37","3,633.68","3,600.06","33.48M","-0.23%"
"01/11/2021","3,620.62","3,636.67","3,641.74","3,595.11","30.54M","-0.67%"
"01/08/2021","3,645.05","3,632.14","3,657.83","3,630.71","33.36M","0.62%"
"01/07/2021","3,622.42","3,621.16","3,635.64","3,604.13","36.86M","0.31%"
"01/06/2021","3,611.08","3,559.81","3,620.57","3,547.45","50.98M","1.78%"
"01/05/2021","3,547.85","3,554.24","3,574.98","3,524.63","31.90M","-0.46%"
"01/04/2021","3,564.39","3,565.68","3,609.91","3,548.31","31.52M","0.33%"
"12/31/2020","3,552.64","3,565.71","3,571.61","3,552.64","13.07M","-0.53%"
"12/30/2020","3,571.59","3,580.91","3,591.25","3,569.62","16.18M","-0.27%"
"12/29/2020","3,581.37","3,580.45","3,603.17","3,576.76","18.32M","0.17%"
"12/28/2020","3,575.41","3,554.13","3,583.21","3,554.13","19.60M","0.91%"
"12/24/2020","3,543.28","3,542.85","3,546.02","3,539.79","18.89M","0.11%"
"12/23/2020","3,539.26","3,502.43","3,544.55","3,502.43","25.53M","1.19%"
"12/22/2020","3,497.49","3,455.94","3,503.03","3,455.94","26.35M","1.42%"
"12/21/2020","3,448.68","3,516.66","3,516.66","3,401.14","50.41M","-2.74%"
"12/18/2020","3,545.74","3,556.15","3,586.44","3,544.77","69.15M","-0.42%"
"12/17/2020","3,560.87","3,550.37","3,573.45","3,550.37","32.52M","0.50%"
"12/16/2020","3,543.00","3,524.12","3,560.71","3,523.93","38.83M","0.61%"
"12/15/2020","3,521.50","3,503.38","3,528.83","3,497.47","32.15M","0.50%"
"12/14/2020","3,503.96","3,497.84","3,531.95","3,497.84","32.49M","0.52%"
"12/11/2020","3,485.84","3,515.83","3,515.83","3,461.47","35.37M","-1.04%"
"12/10/2020","3,522.31","3,529.04","3,541.24","3,498.96","38.43M","-0.19%"
"12/09/2020","3,529.02","3,532.04","3,557.39","3,527.42","31.81M","0.09%"
"12/08/2020","3,525.87","3,522.99","3,531.69","3,503.28","25.58M","-0.12%"
"12/07/2020","3,530.08","3,536.05","3,536.05","3,499.14","32.04M","-0.26%"
"12/04/2020","3,539.27","3,516.18","3,540.69","3,516.18","46.29M","0.63%"
"12/03/2020","3,517.10","3,520.53","3,523.60","3,502.65","34.86M","-0.12%"
"12/02/2020","3,521.32","3,515.64","3,523.30","3,502.10","41.43M","-0.11%"
"12/01/2020","3,525.24","3,499.28","3,532.91","3,499.28","42.00M","0.94%"
"11/30/2020","3,492.54","3,518.91","3,538.52","3,492.54","53.48M","-1.00%"
"11/27/2020","3,527.79","3,509.79","3,536.46","3,507.97","44.69M","0.48%"
"11/26/2020","3,510.94","3,518.67","3,524.08","3,508.70","27.29M","-0.03%"
"11/25/2020","3,511.90","3,513.77","3,520.74","3,494.07","48.98M","0.11%"
"11/24/2020","3,507.98","3,476.61","3,510.62","3,476.61","52.93M","1.30%"
"11/23/2020","3,463.04","3,480.59","3,506.24","3,463.04","36.74M","-0.13%"
"11/20/2020","3,467.60","3,447.96","3,484.29","3,442.81","37.87M","0.45%"
"11/19/2020","3,451.97","3,466.67","3,466.67","3,440.22","38.19M","-0.87%"
"11/18/2020","3,482.17","3,463.97","3,489.31","3,451.89","41.20M","0.39%"
"11/17/2020","3,468.48","3,461.54","3,471.90","3,442.70","40.48M","0.07%"
"11/16/2020","3,466.21","3,447.86","3,497.10","3,440.05","55.80M","0.99%"
"11/13/2020","3,432.07","3,423.63","3,457.59","3,416.18","41.53M","0.11%"
"11/12/2020","3,428.20","3,453.36","3,457.71","3,421.96","45.82M","-1.13%"
"11/11/2020","3,467.30","3,444.57","3,473.82","3,433.26","51.67M","0.72%"
"11/10/2020","3,442.62","3,405.49","3,460.08","3,396.40","98.23M","1.02%"
"11/09/2020","3,407.91","3,217.40","3,442.12","3,217.40","106.01M","6.36%"
"11/06/2020","3,204.05","3,210.37","3,224.49","3,168.97","38.53M","-0.36%"
"11/05/2020","3,215.56","3,167.78","3,222.51","3,167.78","46.05M","1.72%"
"11/04/2020","3,161.07","3,083.79","3,164.56","3,043.19","52.14M","2.01%"
"11/03/2020","3,098.72","3,030.89","3,101.04","3,030.89","45.46M","2.62%"
"11/02/2020","3,019.54","2,969.37","3,029.85","2,953.92","38.69M","2.07%"
"10/30/2020","2,958.21","2,950.28","2,972.45","2,928.56","45.70M","-0.06%"
"10/29/2020","2,960.03","2,961.49","2,985.50","2,920.87","55.41M","-0.12%"
"10/28/2020","2,963.54","3,058.86","3,058.86","2,932.95","59.92M","-3.49%"
"10/27/2020","3,070.60","3,109.08","3,112.32","3,065.65","40.13M","-1.12%"
"10/26/2020","3,105.25","3,181.95","3,181.95","3,103.79","30.26M","-2.93%"
"10/23/2020","3,198.86","3,167.96","3,217.96","3,162.37","28.51M","0.87%"
"10/22/2020","3,171.41","3,180.96","3,185.03","3,135.48","28.35M","-0.29%"
"10/21/2020","3,180.70","3,232.63","3,238.07","3,176.95","30.46M","-1.46%"
"10/20/2020","3,227.87","3,239.75","3,250.97","3,223.79","30.35M","-0.45%"
"10/19/2020","3,242.51","3,250.13","3,282.55","3,226.44","21.11M","-0.09%"
"10/16/2020","3,245.47","3,197.29","3,258.93","3,197.29","38.10M","1.65%"
"10/15/2020","3,192.69","3,269.87","3,269.87","3,174.64","40.92M","-2.46%"
"10/14/2020","3,273.28","3,279.20","3,287.84","3,264.61","24.14M","-0.18%"
"10/13/2020","3,279.19","3,298.63","3,298.63","3,264.74","27.90M","-0.57%"
"10/12/2020","3,298.12","3,276.50","3,305.77","3,272.50","24.55M","0.76%"
"10/09/2020","3,273.12","3,256.86","3,276.36","3,254.13","28.06M","0.53%"
"10/08/2020","3,255.76","3,239.95","3,270.27","3,234.48","31.56M","0.69%"
"10/07/2020","3,233.43","3,229.93","3,245.62","3,219.33","30.80M","0.00%"
"10/06/2020","3,233.30","3,223.64","3,251.11","3,201.98","34.42M","0.41%"
"10/05/2020","3,220.22","3,200.49","3,224.35","3,199.63","27.97M","0.92%"
"10/02/2020","3,190.93","3,180.83","3,190.93","3,147.28","29.22M","-0.10%"
"10/01/2020","3,194.09","3,207.17","3,224.40","3,178.11","31.98M","0.02%"
"09/30/2020","3,193.61","3,208.91","3,225.94","3,181.03","31.42M","-0.64%"
"09/29/2020","3,214.30","3,222.32","3,224.83","3,197.10","26.38M","-0.28%"
"09/28/2020","3,223.19","3,144.52","3,227.43","3,144.52","33.77M","2.75%"
"09/25/2020","3,137.06","3,159.28","3,160.56","3,097.67","34.43M","-0.71%"
"09/24/2020","3,159.64","3,166.02","3,181.13","3,143.61","36.73M","-0.64%"
"09/23/2020","3,180.11","3,170.55","3,223.72","3,170.55","40.76M","0.51%"
"09/22/2020","3,164.13","3,165.72","3,195.18","3,164.13","42.74M","0.10%"
"09/21/2020","3,160.95","3,277.42","3,277.42","3,150.61","67.33M","-3.74%"
"09/18/2020","3,283.69","3,315.30","3,326.79","3,283.69","137.35M","-0.99%"
"09/17/2020","3,316.57","3,332.86","3,332.86","3,285.27","38.21M","-0.67%"
"09/16/2020","3,338.84","3,332.12","3,348.77","3,312.19","39.88M","0.20%"
"09/15/2020","3,332.26","3,318.40","3,344.51","3,307.36","31.13M","0.47%"
"09/14/2020","3,316.79","3,319.94","3,346.40","3,309.06","26.47M","0.03%"
"09/11/2020","3,315.81","3,312.78","3,329.09","3,292.42","36.52M","0.09%"
"09/10/2020","3,312.77","3,326.28","3,337.72","3,300.08","37.19M","-0.36%"
"09/09/2020","3,324.83","3,266.87","3,332.99","3,266.87","38.25M","1.76%"
"09/08/2020","3,267.37","3,314.85","3,320.38","3,241.61","40.32M","-1.41%"
"09/07/2020","3,314.07","3,264.43","3,320.55","3,264.43","30.64M","1.64%"
"09/04/2020","3,260.59","3,294.93","3,328.76","3,234.81","52.02M","-1.32%"
"09/03/2020","3,304.22","3,344.21","3,396.02","3,285.55","41.86M","-1.01%"
"09/02/2020","3,337.77","3,284.30","3,358.11","3,284.30","39.21M","1.84%"
"09/01/2020","3,277.58","3,279.11","3,311.40","3,245.03","39.44M","0.15%"
"08/31/2020","3,272.51","3,320.68","3,346.11","3,266.55","38.08M","-1.30%"
"08/28/2020","3,315.54","3,333.19","3,339.74","3,296.26","34.92M","-0.47%"
"08/27/2020","3,331.04","3,357.02","3,359.14","3,326.65","34.25M","-0.77%"
"08/26/2020","3,356.76","3,328.42","3,357.88","3,315.40","22.97M","0.81%"
"08/25/2020","3,329.71","3,335.01","3,373.47","3,329.71","33.09M","-0.06%"
"08/24/2020","3,331.74","3,269.51","3,338.47","3,269.51","29.47M","2.21%"
"08/21/2020","3,259.75","3,277.61","3,292.57","3,221.42","35.55M","-0.43%"
"08/20/2020","3,273.98","3,306.69","3,306.69","3,257.60","28.00M","-1.32%"
"08/19/2020","3,317.62","3,287.08","3,317.84","3,275.51","21.32M","0.85%"
"08/18/2020","3,289.64","3,301.36","3,333.64","3,276.02","28.15M","-0.49%"
"08/17/2020","3,305.85","3,305.65","3,319.10","3,285.99","23.39M","0.02%"
"08/14/2020","3,305.05","3,339.33","3,339.33","3,275.91","30.33M","-1.13%"
"08/13/2020","3,342.85","3,358.09","3,368.07","3,336.57","27.82M","-0.60%"
"08/12/2020","3,363.18","3,327.88","3,377.44","3,321.46","39.37M","0.93%"
"08/11/2020","3,332.12","3,269.91","3,349.76","3,269.91","43.23M","2.22%"
"08/10/2020","3,259.71","3,259.27","3,276.61","3,239.25","26.23M","0.22%"
"08/07/2020","3,252.65","3,240.52","3,256.92","3,220.05","37.02M","0.38%"
"08/06/2020","3,240.39","3,264.08","3,286.10","3,223.75","65.36M","-0.86%"
"08/05/2020","3,268.38","3,258.32","3,293.17","3,258.32","41.26M","0.43%"
"08/04/2020","3,254.29","3,253.84","3,278.56","3,230.52","47.68M","0.19%"
"08/03/2020","3,248.28","3,177.76","3,263.65","3,173.98","48.85M","2.33%"
"07/31/2020","3,174.32","3,211.21","3,245.97","3,174.32","55.69M","-1.06%"
"07/30/2020","3,208.20","3,300.61","3,300.61","3,174.38","60.17M","-2.79%"
"07/29/2020","3,300.16","3,304.22","3,314.96","3,293.62","35.92M","-0.10%"
"07/28/2020","3,303.56","3,302.68","3,316.82","3,280.67","31.36M","0.02%"
"07/27/2020","3,302.84","3,308.17","3,317.18","3,292.48","29.10M","-0.24%"
"07/24/2020","3,310.89","3,349.54","3,349.54","3,294.89","34.26M","-1.80%"
"07/23/2020","3,371.74","3,379.57","3,400.92","3,362.34","35.87M","0.03%"
"07/22/2020","3,370.76","3,399.88","3,402.19","3,361.53","37.09M","-1.02%"
"07/21/2020","3,405.35","3,404.16","3,451.16","3,401.42","50.37M","0.50%"
"07/20/2020","3,388.34","3,361.25","3,393.43","3,332.64","31.56M","0.68%"
"07/17/2020","3,365.60","3,370.51","3,375.22","3,353.98","40.43M","0.01%"
"07/16/2020","3,365.35","3,371.05","3,376.58","3,340.96","34.87M","-0.38%"
"07/15/2020","3,378.21","3,331.84","3,399.71","3,331.84","46.66M","1.71%"
"07/14/2020","3,321.39","3,330.08","3,330.08","3,277.40","36.82M","-0.85%"
"07/13/2020","3,350.00","3,311.82","3,353.26","3,307.56","32.80M","1.63%"
"07/10/2020","3,296.22","3,255.40","3,299.54","3,241.29","31.88M","1.07%"
"07/09/2020","3,261.17","3,291.70","3,315.54","3,253.58","33.33M","-0.76%"
"07/08/2020","3,286.09","3,310.83","3,324.85","3,278.10","38.17M","-1.07%"
"07/07/2020","3,321.56","3,338.72","3,338.72","3,299.99","34.87M","-0.85%"
"07/06/2020","3,350.03","3,314.40","3,375.70","3,314.40","43.07M","1.69%"
"07/03/2020","3,294.38","3,321.83","3,330.48","3,279.07","28.27M","-0.77%"
"07/02/2020","3,320.09","3,239.48","3,335.40","3,239.48","54.20M","2.84%"
"07/01/2020","3,228.45","3,239.86","3,250.56","3,181.12","34.84M","-0.17%"
"06/30/2020","3,234.07","3,235.87","3,249.43","3,209.96","41.99M","0.06%"
"06/29/2020","3,232.02","3,196.21","3,252.33","3,183.11","38.66M","0.87%"
"06/26/2020","3,204.17","3,233.14","3,272.97","3,199.81","37.10M","-0.46%"
"06/25/2020","3,218.91","3,196.25","3,235.36","3,149.67","44.00M","0.71%"
"06/24/2020","3,196.12","3,289.00","3,289.00","3,196.12","45.12M","-3.11%"
"06/23/2020","3,298.83","3,253.33","3,317.87","3,253.33","47.21M","1.76%"
"06/22/2020","3,241.69","3,259.43","3,279.42","3,219.15","35.28M","-0.84%"
"06/19/2020","3,269.10","3,257.00","3,300.66","3,257.00","111.74M","0.59%"
"06/18/2020","3,249.90","3,260.67","3,288.18","3,225.10","53.77M","-0.53%"
"06/17/2020","3,267.26","3,240.09","3,282.92","3,238.56","51.16M","0.76%"
"06/16/2020","3,242.65","3,156.03","3,277.87","3,156.03","65.93M","3.39%"
"06/15/2020","3,136.40","3,131.43","3,153.37","3,054.11","52.22M","-0.55%"
"06/12/2020","3,153.74","3,135.22","3,213.76","3,110.30","56.15M","0.29%"
"06/11/2020","3,144.57","3,263.61","3,263.61","3,144.57","75.07M","-4.53%"
"06/10/2020","3,293.71","3,327.31","3,355.76","3,289.25","52.91M","-0.81%"
"06/09/2020","3,320.71","3,368.55","3,377.20","3,294.74","74.58M","-1.41%"
"06/08/2020","3,368.35","3,356.25","3,394.91","3,341.25","","-0.47%"
"06/05/2020","3,384.29","3,281.92","3,386.96","3,281.92","92.61M","3.76%"
"06/04/2020","3,261.67","3,261.09","3,293.26","3,232.79","72.91M","-0.24%"
"06/03/2020","3,269.59","3,169.73","3,275.68","3,169.73","72.25M","3.58%"
"06/02/2020","3,156.45","3,123.55","3,168.49","3,108.55","","3.48%"
"05/29/2020","3,050.20","3,081.78","3,096.24","3,049.33","74.78M","-1.43%"
"05/28/2020","3,094.47","3,058.75","3,102.96","3,053.76","58.75M","1.42%"
"05/27/2020","3,051.08","3,004.09","3,067.35","3,002.66","79.31M","1.73%"
"05/26/2020","2,999.22","2,983.65","3,009.43","2,978.53","57.52M","0.94%"
"05/25/2020","2,971.35","2,919.10","2,971.35","2,912.96","26.95M","2.27%"
"05/22/2020","2,905.47","2,889.38","2,922.20","2,854.07","45.18M","0.02%"
"05/21/2020","2,904.98","2,927.65","2,936.82","2,897.78","38.84M","-1.27%"
"05/20/2020","2,942.39","2,895.51","2,946.47","2,874.95","53.60M","1.37%"
"05/19/2020","2,902.58","2,931.17","2,944.96","2,876.66","67.92M","-0.32%"
"05/18/2020","2,911.88","2,800.07","2,923.32","2,800.07","49.02M","5.10%"
"05/15/2020","2,770.70","2,777.43","2,801.85","2,755.15","45.57M","0.38%"
"05/14/2020","2,760.23","2,796.48","2,796.48","2,708.07","57.06M","-1.79%"
"05/13/2020","2,810.55","2,872.01","2,872.01","2,805.27","43.28M","-2.55%"
"05/12/2020","2,884.20","2,878.61","2,896.40","2,871.25","34.34M","0.02%"
"05/11/2020","2,883.75","2,915.72","2,927.26","2,861.71","34.18M","-0.84%"
"05/08/2020","2,908.11","2,892.95","2,912.02","2,887.49","30.05M","0.96%"
"05/07/2020","2,880.60","2,842.82","2,883.02","2,842.82","40.52M","1.30%"
"05/06/2020","2,843.76","2,876.45","2,878.70","2,839.77","41.34M","-1.12%"
"05/05/2020","2,875.91","2,830.33","2,878.51","2,827.37","48.88M","2.11%"
"05/04/2020","2,816.48","2,898.89","2,898.89","2,801.07","57.39M","-3.81%"
"05/01/2020","2,927.93","2,927.93","2,927.93","2,927.93","72.74M","0.00%"
"04/30/2020","2,927.93","3,003.21","3,023.83","2,917.31","72.74M","-2.27%"
"04/29/2020","2,996.08","2,934.49","3,000.49","2,919.74","50.04M","2.18%"
"04/28/2020","2,932.06","2,882.81","2,951.35","2,880.72","54.62M","1.73%"
"04/27/2020","2,882.09","2,838.96","2,882.11","2,838.96","36.12M","2.60%"
"04/24/2020","2,809.07","2,837.33","2,849.08","2,799.12","42.44M","-1.52%"
"04/23/2020","2,852.46","2,837.32","2,883.60","2,815.12","41.58M","0.62%"
"04/22/2020","2,834.90","2,800.81","2,838.26","2,800.81","41.19M","1.56%"
"04/21/2020","2,791.34","2,889.57","2,889.57","2,791.34","50.94M","-4.06%"
"04/20/2020","2,909.50","2,894.91","2,909.50","2,839.18","42.21M","0.73%"
"04/17/2020","2,888.30","2,842.10","2,931.55","2,842.10","61.20M","2.70%"
"04/16/2020","2,812.35","2,826.70","2,853.57","2,792.17","53.50M","0.15%"
"04/15/2020","2,808.20","2,914.30","2,914.30","2,795.47","60.15M","-3.75%"
"04/14/2020","2,917.74","2,911.20","2,956.22","2,905.72","51.06M","0.86%"
"04/09/2020","2,892.79","2,864.45","2,922.07","2,833.45","63.03M","1.46%"
"04/08/2020","2,851.27","2,846.25","2,851.27","2,793.71","47.43M","-0.22%"
"04/07/2020","2,857.67","2,819.53","2,914.46","2,819.53","68.93M","2.21%"
"04/06/2020","2,795.97","2,701.86","2,804.70","2,701.86","58.55M","4.99%"
"04/03/2020","2,662.99","2,686.07","2,693.50","2,655.80","63.60M","-0.95%"
"04/02/2020","2,688.49","2,693.13","2,711.45","2,626.10","66.56M","0.31%"
"04/01/2020","2,680.30","2,760.54","2,760.54","2,663.42","63.22M","-3.83%"
"03/31/2020","2,786.90","2,780.80","2,827.32","2,728.02","74.50M","0.77%"
"03/30/2020","2,765.62","2,734.92","2,765.62","2,658.88","64.13M","1.35%"
"03/27/2020","2,728.65","2,803.09","2,803.09","2,694.78","66.18M","-4.18%"
"03/26/2020","2,847.78","2,765.86","2,847.78","2,706.29","65.31M","1.70%"
"03/25/2020","2,800.14","2,756.99","2,829.34","2,670.27","90.51M","3.13%"
"03/24/2020","2,715.11","2,507.61","2,715.11","2,507.61","87.88M","9.24%"
"03/23/2020","2,485.54","2,520.48","2,588.48","2,427.87","","-2.47%"
"03/20/2020","2,548.50","2,475.14","2,613.53","2,475.14","133.71M","3.85%"
"03/19/2020","2,454.08","2,388.94","2,461.57","2,345.30","101.35M","2.86%"
"03/18/2020","2,385.82","2,507.33","2,507.33","2,365.70","98.21M","-5.72%"
"03/17/2020","2,530.50","2,475.18","2,555.41","2,376.23","106.91M","3.27%"
"03/16/2020","2,450.37","2,557.71","2,557.71","2,302.84","137.14M","-5.25%"
"03/13/2020","2,586.02","2,584.36","2,793.27","2,537.27","136.55M","1.60%"
"03/12/2020","2,545.23","2,883.25","2,883.25","2,535.89","167.33M","-12.40%"
"03/11/2020","2,905.56","2,924.93","2,998.65","2,893.43","87.72M","-0.15%"
"03/10/2020","2,910.02","2,973.61","3,088.57","2,896.74","118.22M","-1.66%"
"03/09/2020","2,959.07","3,214.20","3,214.20","2,939.85","143.37M","-8.45%"
"03/06/2020","3,232.07","3,347.83","3,347.83","3,216.44","85.09M","-3.91%"
"03/05/2020","3,363.58","3,431.78","3,438.06","3,338.41","73.06M","-1.67%"
"03/04/2020","3,420.56","3,374.00","3,438.21","3,350.23","66.43M","1.44%"
"03/03/2020","3,371.97","3,355.52","3,448.24","3,354.30","79.45M","0.99%"
"03/02/2020","3,338.83","3,355.33","3,406.40","3,257.99","90.02M","0.28%"
"02/28/2020","3,329.49","3,431.52","3,431.52","3,283.18","123.09M","-3.66%"
"02/27/2020","3,455.92","3,553.05","3,553.05","3,410.70","86.76M","-3.40%"
"02/26/2020","3,577.68","3,567.03","3,595.80","3,467.58","71.79M","0.14%"
"02/25/2020","3,572.51","3,655.84","3,668.70","3,568.48","62.81M","-2.07%"
"02/24/2020","3,647.98","3,762.35","3,762.35","3,632.29","80.00M","-4.01%"
"02/21/2020","3,800.38","3,816.51","3,827.36","3,776.82","48.44M","-0.59%"
"02/20/2020","3,822.98","3,867.28","3,867.28","3,822.98","41.28M","-1.09%"
"02/19/2020","3,865.18","3,846.39","3,865.43","3,846.39","40.37M","0.75%"
"02/18/2020","3,836.54","3,848.56","3,848.56","3,826.23","53.06M","-0.43%"
"02/17/2020","3,853.27","3,843.10","3,854.30","3,841.06","24.26M","0.32%"
"02/14/2020","3,840.97","3,847.93","3,851.42","3,835.79","29.90M","-0.15%"
"02/13/2020","3,846.74","3,849.10","3,849.10","3,799.98","38.74M","-0.20%"
"02/12/2020","3,854.43","3,829.66","3,854.43","3,829.66","42.24M","0.75%"
"02/11/2020","3,825.84","3,804.46","3,832.06","3,804.46","38.62M","0.86%"
"02/10/2020","3,793.18","3,794.18","3,794.18","3,779.10","28.46M","-0.14%"
"02/07/2020","3,798.49","3,804.86","3,806.06","3,782.21","39.16M","-0.18%"
"02/06/2020","3,805.52","3,791.07","3,808.74","3,790.54","52.51M","0.73%"
"02/05/2020","3,777.84","3,727.22","3,782.85","3,717.72","56.85M","1.22%"
"02/04/2020","3,732.28","3,670.98","3,732.28","3,670.98","45.38M","1.94%"
"02/03/2020","3,661.27","3,646.86","3,673.28","3,641.84","32.50M","0.56%"
"01/31/2020","3,640.91","3,697.67","3,705.33","3,639.44","49.70M","-1.35%"
"01/30/2020","3,690.78","3,717.93","3,717.93","3,676.66","42.46M","-1.22%"
"01/29/2020","3,736.36","3,717.64","3,743.26","3,715.74","36.47M","0.46%"
"01/28/2020","3,719.22","3,684.69","3,722.71","3,671.74","37.48M","1.13%"
"01/27/2020","3,677.84","3,754.63","3,754.63","3,673.80","44.84M","-2.68%"
"01/24/2020","3,779.16","3,744.75","3,795.33","3,744.75","31.73M","1.13%"
"01/23/2020","3,736.85","3,764.10","3,770.01","3,734.06","33.33M","-0.87%"
"01/22/2020","3,769.79","3,792.05","3,802.68","3,765.49","32.48M","-0.51%"
"01/21/2020","3,789.12","3,786.26","3,789.12","3,760.36","27.59M","-0.26%"
"01/20/2020","3,799.03","3,804.74","3,805.61","3,791.51","20.83M","-0.24%"
"01/17/2020","3,808.26","3,780.54","3,813.80","3,780.54","33.00M","0.90%"
"01/16/2020","3,774.14","3,770.96","3,785.67","3,758.55","17.58M","0.14%"
"01/15/2020","3,768.96","3,774.93","3,778.94","3,755.30","33.41M","-0.16%"
"01/14/2020","3,774.88","3,779.35","3,783.76","3,745.47","33.07M","-0.13%"
"01/13/2020","3,779.68","3,789.87","3,798.58","3,768.45","27.51M","-0.26%"
"01/10/2020","3,789.52","3,801.12","3,803.91","3,786.93","27.40M","-0.17%"
"01/09/2020","3,795.88","3,782.77","3,807.09","3,782.77","33.48M","0.62%"
"01/08/2020","3,772.56","3,752.87","3,775.43","3,732.90","34.99M","0.35%"
"01/07/2020","3,759.25","3,760.09","3,784.42","3,748.13","29.85M","0.18%"
"01/06/2020","3,752.52","3,764.34","3,764.34","3,710.94","28.34M","-0.55%"
"01/03/2020","3,773.37","3,787.57","3,787.57","3,745.54","30.34M","-0.52%"
"01/02/2020","3,793.24","3,754.24","3,801.13","3,754.24","29.92M","1.28%"