"Fecha","Último","Apertura","Máximo","Mínimo","Vol.","% var."
"31.01.2025","18,550","18,480","18,620","18,390","319,55K","0,71%"
"30.01.2025","18,420","18,480","18,580","18,420","368,53K","-0,32%"
"29.01.2025","18,480","18,540","18,550","18,380","504,36K","0,87%"
"28.01.2025","18,320","18,390","18,540","18,250","442,30K","-0,33%"
"27.01.2025","18,380","18,020","18,490","17,710","601,48K","0,93%"
"24.01.2025","18,210","18,980","18,980","18,190","971,83K","-3,75%"
"23.01.2025","18,920","19,030","19,060","18,810","452,88K","-0,21%"
"22.01.2025","18,960","18,770","19,150","18,680","660,27K","1,61%"
"21.01.2025","18,660","18,640","18,680","18,480","433,68K","0,38%"
"20.01.2025","18,590","18,220","18,780","18,170","863,22K","2,93%"
"17.01.2025","18,060","17,890","18,110","17,890","402,48K","0,95%"
"16.01.2025","17,890","17,850","17,950","17,780","312,33K","0,62%"
"15.01.2025","17,780","17,760","17,890","17,590","386,36K","0,00%"
"14.01.2025","17,780","17,830","18,040","17,670","440,12K","-0,11%"
"13.01.2025","17,800","17,930","17,960","17,320","467,33K","-1,06%"
"10.01.2025","17,990","18,090","18,200","17,900","367,46K","-0,44%"
"09.01.2025","18,070","17,960","18,080","17,770","456,99K","0,78%"
"08.01.2025","17,930","17,850","18,070","17,760","468,73K","0,56%"
"07.01.2025","17,830","17,670","17,870","17,550","470,24K","1,54%"
"06.01.2025","17,560","17,690","17,730","17,490","409,37K","-0,34%"
"03.01.2025","17,620","17,290","17,840","17,260","449,02K","2,44%"
"02.01.2025","17,200","17,090","17,480","17,050","381,23K","0,70%"
"31.12.2024","17,080","17,010","17,090","16,980","122,83K","0,71%"
"30.12.2024","16,960","16,880","17,090","16,780","362,28K","0,53%"
"27.12.2024","16,870","16,700","17,080","16,670","306,25K","1,44%"
"24.12.2024","16,630","16,600","16,660","16,540","124,20K","0,36%"
"23.12.2024","16,570","16,400","16,570","16,310","247,14K","1,16%"
"20.12.2024","16,380","16,420","16,450","16,110","1,70M","-0,49%"
"19.12.2024","16,460","16,370","16,520","16,240","484,80K","-1,02%"
"18.12.2024","16,630","16,610","16,710","16,360","343,77K","0,12%"
"17.12.2024","16,610","17,070","17,070","16,430","696,89K","-2,98%"
"16.12.2024","17,120","17,200","17,230","17,000","305,72K","-0,58%"
"13.12.2024","17,220","17,080","17,320","17,080","360,08K","0,70%"
"12.12.2024","17,100","17,350","17,450","17,100","251,34K","-1,10%"
"11.12.2024","17,290","17,050","17,300","16,860","272,26K","1,23%"
"10.12.2024","17,080","17,130","17,300","17,080","261,80K","-0,70%"
"09.12.2024","17,200","17,310","17,340","17,030","337,55K","-0,06%"
"06.12.2024","17,210","17,210","17,290","17,120","460,96K","0,12%"
"05.12.2024","17,190","16,990","17,220","16,930","377,79K","0,82%"
"04.12.2024","17,050","16,900","17,110","16,860","552,98K","1,61%"
"03.12.2024","16,780","16,710","16,970","16,710","387,60K","0,90%"
"02.12.2024","16,630","16,670","16,790","16,550","478,22K","-0,18%"
"29.11.2024","16,660","16,500","16,680","16,480","272,02K","0,85%"
"28.11.2024","16,520","16,590","16,600","16,440","262,51K","0,12%"
"27.11.2024","16,500","16,450","16,630","16,440","318,41K","-0,30%"
"26.11.2024","16,550","16,500","16,630","16,440","246,75K","-0,12%"
"25.11.2024","16,570","16,660","16,690","16,510","363,47K","0,30%"
"22.11.2024","16,520","16,440","16,730","16,440","418,78K","0,24%"
"21.11.2024","16,480","16,480","16,620","16,330","270,98K","-0,06%"
"20.11.2024","16,490","16,580","16,720","16,420","312,30K","-0,06%"
"19.11.2024","16,500","16,440","16,570","16,250","441,32K","0,36%"
"18.11.2024","16,440","16,420","16,630","16,400","295,04K","-0,24%"
"15.11.2024","16,480","16,350","16,570","16,210","268,07K","0,49%"
"14.11.2024","16,400","16,300","16,450","16,140","337,02K","0,37%"
"13.11.2024","16,340","16,390","16,500","16,170","343,52K","-0,67%"
"12.11.2024","16,450","16,500","16,630","16,180","547,33K","-1,14%"
"11.11.2024","16,640","16,630","16,740","16,460","312,93K","0,67%"
"08.11.2024","16,530","16,530","16,650","16,400","391,55K","0,61%"
"07.11.2024","16,430","16,260","16,550","16,240","409,34K","1,86%"
"06.11.2024","16,130","16,100","16,490","16,050","376,05K","0,00%"
"05.11.2024","16,130","16,190","16,330","16,080","319,66K","-0,37%"
"04.11.2024","16,190","16,600","16,610","16,170","418,35K","-1,70%"
"01.11.2024","16,470","16,110","16,470","16,090","341,31K","1,67%"
"31.10.2024","16,200","16,600","16,620","16,070","590,05K","-2,70%"
"30.10.2024","16,650","17,100","17,320","16,430","831,50K","-0,60%"
"29.10.2024","16,750","16,840","16,950","16,720","378,11K","-0,24%"
"28.10.2024","16,790","16,880","16,910","16,730","253,53K","0,60%"
"25.10.2024","16,690","16,900","16,960","16,660","359,93K","-1,82%"
"24.10.2024","17,000","17,130","17,130","16,960","229,08K","0,18%"
"23.10.2024","16,970","17,100","17,260","16,970","338,02K","-1,34%"
"22.10.2024","17,200","16,560","17,230","16,560","477,91K","3,74%"
"21.10.2024","16,580","16,870","16,910","16,570","365,05K","-1,89%"
"18.10.2024","16,900","16,700","16,960","16,580","610,44K","0,90%"
"17.10.2024","16,750","17,030","17,130","16,720","380,75K","-1,99%"
"16.10.2024","17,090","17,030","17,140","16,970","359,31K","-0,29%"
"15.10.2024","17,140","17,260","17,360","17,120","343,30K","-0,29%"
"14.10.2024","17,190","17,020","17,210","16,990","295,57K","0,76%"
"11.10.2024","17,060","17,000","17,070","16,810","336,24K","0,35%"
"10.10.2024","17,000","17,260","17,260","16,800","534,23K","-1,51%"
"09.10.2024","17,260","17,030","17,350","17,030","333,89K","1,41%"
"08.10.2024","17,020","16,960","17,040","16,780","263,68K","-0,23%"
"07.10.2024","17,060","17,240","17,360","17,000","391,29K","-0,70%"
"04.10.2024","17,180","16,710","17,250","16,710","435,18K","2,38%"
"03.10.2024","16,780","17,000","17,150","16,720","494,38K","-2,16%"
"02.10.2024","17,150","16,690","17,360","16,650","849,23K","4,07%"
"01.10.2024","16,480","16,510","16,640","16,380","376,67K","-0,06%"
"30.09.2024","16,490","16,750","16,750","16,370","444,64K","-1,85%"
"27.09.2024","16,800","16,780","16,870","16,690","300,68K","0,72%"
"26.09.2024","16,680","16,540","16,900","16,540","655,24K","1,40%"
"25.09.2024","16,450","16,590","16,680","16,410","345,63K","-0,90%"
"24.09.2024","16,600","16,550","16,730","16,520","315,44K","0,85%"
"23.09.2024","16,460","16,390","16,480","16,300","310,81K","0,37%"
"20.09.2024","16,400","16,700","16,740","16,340","539,00K","-1,80%"
"19.09.2024","16,700","16,660","16,930","16,570","567,93K","2,96%"
"18.09.2024","16,220","16,460","16,460","16,220","692,37K","-1,88%"
"17.09.2024","16,530","16,650","16,840","16,530","475,30K","-0,36%"
"16.09.2024","16,590","16,780","16,780","16,440","300,03K","-1,43%"
"13.09.2024","16,830","16,730","16,860","16,730","234,63K","0,72%"
"12.09.2024","16,710","16,740","16,880","16,650","447,75K","1,27%"
"11.09.2024","16,500","16,630","16,760","16,380","339,39K","-1,02%"
"10.09.2024","16,670","16,600","16,740","16,530","333,83K","0,54%"
"09.09.2024","16,580","16,350","16,580","16,290","343,04K","1,41%"
"06.09.2024","16,350","16,500","16,620","16,250","374,85K","-1,03%"
"05.09.2024","16,520","16,530","16,790","16,520","353,84K","-0,06%"
"04.09.2024","16,530","16,450","16,530","16,200","377,15K","-0,54%"
"03.09.2024","16,620","17,070","17,070","16,580","398,18K","-2,24%"
"02.09.2024","17,000","16,960","17,030","16,790","327,37K","0,47%"
"30.08.2024","16,920","16,980","17,170","16,920","716,83K","-0,12%"
"29.08.2024","16,940","16,800","16,980","16,760","1,47M","1,13%"
"28.08.2024","16,750","16,760","16,850","16,590","396,11K","0,48%"
"27.08.2024","16,670","16,800","16,840","16,620","347,00K","-0,83%"
"26.08.2024","16,810","16,780","16,850","16,620","374,61K","0,60%"
"23.08.2024","16,710","16,710","16,790","16,580","320,53K","0,00%"
"22.08.2024","16,710","16,630","16,900","16,620","394,39K","0,66%"
"21.08.2024","16,600","16,450","16,660","16,430","491,99K","1,10%"
"20.08.2024","16,420","16,530","16,630","16,320","392,73K","-0,24%"
"19.08.2024","16,460","16,530","16,530","16,330","559,61K","-0,36%"
"16.08.2024","16,520","16,590","16,590","16,370","495,73K","-0,06%"
"15.08.2024","16,530","16,540","16,590","16,330","438,14K","-0,12%"
"14.08.2024","16,550","16,550","16,760","16,520","725,66K","0,61%"
"13.08.2024","16,450","16,670","16,680","16,440","751,71K","-0,96%"
"12.08.2024","16,610","16,790","16,810","16,610","354,29K","-0,60%"
"09.08.2024","16,710","16,730","16,830","16,560","333,23K","0,06%"
"08.08.2024","16,700","16,960","16,960","16,600","366,32K","-2,05%"
"07.08.2024","17,050","17,130","17,140","16,850","329,65K","0,47%"
"06.08.2024","16,970","17,010","17,250","16,780","461,14K","0,12%"
"05.08.2024","16,950","17,290","17,290","16,810","827,69K","-3,91%"
"02.08.2024","17,640","18,000","18,000","17,450","826,75K","-3,08%"
"01.08.2024","18,200","18,500","18,500","18,080","423,10K","-1,83%"
"31.07.2024","18,540","19,000","19,000","18,460","649,26K","-1,49%"
"30.07.2024","18,820","19,300","19,500","18,370","662,96K","-1,98%"
"29.07.2024","19,200","19,300","19,430","19,170","307,74K","0,00%"
"26.07.2024","19,200","19,120","19,320","19,010","281,37K","-0,16%"
"25.07.2024","19,230","19,300","19,300","18,970","326,91K","-0,77%"
"24.07.2024","19,380","19,630","19,890","19,290","397,40K","-2,17%"
"23.07.2024","19,810","20,060","20,060","19,730","571,64K","-0,75%"
"22.07.2024","19,960","19,620","20,020","19,430","372,32K","2,10%"
"19.07.2024","19,550","19,700","19,840","19,470","429,29K","-0,91%"
"18.07.2024","19,730","19,530","20,000","19,450","513,10K","0,92%"
"17.07.2024","19,550","19,510","19,580","19,180","433,41K","0,41%"
"16.07.2024","19,470","19,000","19,470","18,890","1,38M","2,15%"
"15.07.2024","19,060","19,180","19,240","18,970","331,01K","-0,94%"
"12.07.2024","19,240","18,980","19,240","18,960","418,48K","1,00%"
"11.07.2024","19,050","19,020","19,120","18,760","338,20K","0,63%"
"10.07.2024","18,930","18,650","18,930","18,520","479,98K","1,83%"
"09.07.2024","18,590","18,740","18,840","18,540","477,69K","-2,57%"
"08.07.2024","19,080","19,160","19,190","18,930","489,39K","-0,63%"
"05.07.2024","19,200","19,280","19,400","19,130","284,98K","0,26%"
"04.07.2024","19,150","19,030","19,310","18,980","291,15K","1,06%"
"03.07.2024","18,950","19,080","19,120","18,790","428,48K","-0,21%"
"02.07.2024","18,990","19,460","19,480","18,720","2,15M","-2,31%"
"01.07.2024","19,440","19,430","19,550","19,260","380,73K","0,67%"
"28.06.2024","19,310","19,470","19,480","19,230","446,63K","-0,16%"
"27.06.2024","19,340","19,950","19,950","19,240","475,03K","-2,62%"
"26.06.2024","19,860","20,080","20,220","19,800","319,37K","-0,60%"
"25.06.2024","19,980","20,260","20,260","19,360","763,62K","-1,67%"
"24.06.2024","20,320","20,680","20,740","20,140","1,27M","-2,12%"
"21.06.2024","20,760","20,840","20,880","20,540","768,01K","-0,38%"
"20.06.2024","20,840","20,680","20,920","20,540","310,53K","1,07%"
"19.06.2024","20,620","20,500","20,760","20,420","337,24K","1,48%"
"18.06.2024","20,320","20,260","20,420","20,140","313,12K","0,59%"
"17.06.2024","20,200","20,140","20,360","19,820","425,68K","0,10%"
"14.06.2024","20,180","20,400","20,600","19,970","566,88K","-1,46%"
"13.06.2024","20,480","20,760","21,080","20,420","655,33K","-1,92%"
"12.06.2024","20,880","21,080","21,140","20,800","278,81K","-0,29%"
"11.06.2024","20,940","21,500","21,540","20,820","379,05K","-2,70%"
"10.06.2024","21,520","21,660","21,660","21,380","240,15K","-0,19%"
"07.06.2024","21,560","21,780","21,820","21,360","371,16K","-0,92%"
"06.06.2024","21,760","21,740","22,040","21,700","479,58K","1,12%"
"05.06.2024","21,520","21,240","21,620","21,200","319,83K","0,65%"
"04.06.2024","21,380","21,600","21,600","21,100","377,95K","-1,02%"
"03.06.2024","21,600","21,360","21,620","21,260","409,99K","2,37%"
"31.05.2024","21,100","21,180","21,340","20,760","1,50M","-0,66%"
"30.05.2024","21,240","20,660","21,280","20,600","516,46K","2,41%"
"29.05.2024","20,740","20,360","20,760","20,340","435,40K","1,87%"
"28.05.2024","20,360","20,760","20,840","20,320","393,22K","-1,83%"
"27.05.2024","20,740","20,900","20,900","20,540","260,34K","-0,29%"
"24.05.2024","20,800","20,760","20,800","20,640","235,22K","-0,29%"
"23.05.2024","20,860","20,800","20,860","20,520","328,06K","0,58%"
"22.05.2024","20,740","20,500","20,760","20,440","482,61K","1,17%"
"21.05.2024","20,500","20,600","20,800","20,380","846,18K","-0,39%"
"20.05.2024","20,580","20,380","20,680","20,300","376,27K","0,78%"
"17.05.2024","20,420","20,180","20,420","20,000","472,38K","1,09%"
"16.05.2024","20,200","20,200","20,400","20,160","371,56K","0,40%"
"15.05.2024","20,120","20,020","20,200","19,950","701,35K","0,60%"
"14.05.2024","20,000","19,900","20,060","19,810","846,56K","0,76%"
"13.05.2024","19,850","19,850","19,960","19,660","416,02K","-0,05%"
"10.05.2024","19,860","19,770","20,020","19,680","328,99K","0,46%"
"09.05.2024","19,770","20,000","20,000","19,640","358,78K","-1,00%"
"08.05.2024","19,970","19,880","20,300","19,840","800,03K","1,11%"
"07.05.2024","19,750","19,580","20,020","19,570","1,08M","0,77%"
"06.05.2024","19,600","18,450","20,040","18,450","1,88M","8,83%"
"03.05.2024","18,010","18,040","18,170","17,910","366,88K","-0,17%"
"02.05.2024","18,040","18,060","18,080","17,840","363,50K","0,06%"
"30.04.2024","18,030","18,110","18,120","17,910","353,28K","-0,55%"
"29.04.2024","18,130","18,340","18,340","18,010","372,72K","-0,38%"
"26.04.2024","18,200","18,220","18,290","18,000","348,62K","0,55%"
"25.04.2024","18,100","18,310","18,310","17,920","412,43K","-1,42%"
"24.04.2024","18,360","18,370","18,450","18,200","392,43K","0,99%"
"23.04.2024","18,180","18,000","18,250","17,990","323,32K","1,17%"
"22.04.2024","17,970","17,990","18,070","17,910","338,67K","0,45%"
"19.04.2024","17,890","17,840","17,980","17,740","332,09K","-0,83%"
"18.04.2024","18,040","18,160","18,160","17,710","365,54K","-0,39%"
"17.04.2024","18,110","18,200","18,470","18,050","414,15K","-1,79%"
"16.04.2024","18,440","18,300","18,440","18,130","435,05K","-0,70%"
"15.04.2024","18,570","18,350","18,770","18,330","512,65K","0,76%"
"12.04.2024","18,430","18,450","18,590","18,360","274,00K","0,16%"
"11.04.2024","18,400","18,470","18,470","18,200","255,56K","0,16%"
"10.04.2024","18,370","18,540","18,750","18,000","521,99K","-0,11%"
"09.04.2024","18,390","18,980","19,000","18,120","696,78K","-3,16%"
"08.04.2024","18,990","18,870","19,080","18,860","375,51K","0,85%"
"05.04.2024","18,830","18,830","18,890","18,620","328,95K","-0,84%"
"04.04.2024","18,990","18,920","19,010","18,770","1,33M","0,48%"
"03.04.2024","18,900","18,900","18,940","18,650","291,99K","-0,26%"
"02.04.2024","18,950","19,210","19,520","18,850","421,70K","-1,35%"
"28.03.2024","19,210","19,000","19,350","18,930","551,36K","1,11%"
"27.03.2024","19,000","18,830","19,040","18,760","409,36K","1,23%"
"26.03.2024","18,770","18,470","18,920","18,470","519,42K","1,62%"
"25.03.2024","18,470","18,720","18,720","18,460","295,51K","0,38%"
"22.03.2024","18,400","18,550","18,550","18,280","324,62K","-0,76%"
"21.03.2024","18,540","18,640","18,650","18,280","415,48K","0,16%"
"20.03.2024","18,510","18,850","18,850","18,410","304,26K","-1,28%"
"19.03.2024","18,750","18,840","18,840","18,650","510,14K","0,21%"
"18.03.2024","18,710","18,700","18,910","18,680","457,95K","0,48%"
"15.03.2024","18,620","18,500","18,740","18,500","556,68K","0,49%"
"14.03.2024","18,530","18,330","18,580","18,330","573,83K","1,31%"
"13.03.2024","18,290","18,070","18,320","18,030","321,88K","1,22%"
"12.03.2024","18,070","17,950","18,300","17,890","486,20K","0,11%"
"11.03.2024","18,050","18,120","18,130","17,920","348,14K","-0,39%"
"08.03.2024","18,120","18,390","18,430","18,120","455,12K","-0,82%"
"07.03.2024","18,270","17,940","18,350","17,900","580,91K","2,24%"
"06.03.2024","17,870","17,850","18,060","17,530","486,56K","1,59%"
"05.03.2024","17,590","17,950","17,980","17,510","827,02K","-1,51%"
"04.03.2024","17,860","17,870","17,950","17,650","487,75K","0,96%"
"01.03.2024","17,690","17,900","17,950","17,460","622,14K","0,11%"
"29.02.2024","17,670","17,300","17,960","17,190","1,08M","3,45%"
"28.02.2024","17,080","16,500","17,590","16,440","1,61M","6,55%"
"27.02.2024","16,030","16,200","16,240","15,920","615,45K","-0,25%"
"26.02.2024","16,070","15,980","16,180","15,980","358,59K","0,88%"
"23.02.2024","15,930","16,000","16,090","15,900","339,61K","0,25%"
"22.02.2024","15,890","15,850","16,030","15,820","276,66K","0,89%"
"21.02.2024","15,750","15,780","15,870","15,630","346,74K","-0,51%"
"20.02.2024","15,830","16,000","16,000","15,760","262,88K","-0,38%"
"19.02.2024","15,890","15,880","15,980","15,820","282,10K","-0,38%"
"16.02.2024","15,950","15,950","16,180","15,850","511,92K","0,63%"
"15.02.2024","15,850","16,020","16,020","15,790","356,45K","-0,69%"
"14.02.2024","15,960","16,090","16,100","15,900","224,34K","0,13%"
"13.02.2024","15,940","16,160","16,170","15,820","353,43K","-1,73%"
"12.02.2024","16,220","16,120","16,250","16,120","210,89K","0,75%"
"09.02.2024","16,100","16,050","16,170","16,030","391,13K","0,94%"
"08.02.2024","15,950","16,150","16,150","15,860","362,57K","-0,87%"
"07.02.2024","16,090","16,040","16,120","15,970","295,19K","0,19%"
"06.02.2024","16,060","16,000","16,180","15,960","311,81K","0,25%"
"05.02.2024","16,020","15,950","16,140","15,950","317,97K","0,13%"
"02.02.2024","16,000","16,400","16,480","15,870","556,48K","-2,02%"
"01.02.2024","16,330","16,400","16,620","16,210","394,77K","-0,85%"
"31.01.2024","16,470","16,350","16,550","16,320","377,67K","0,73%"
"30.01.2024","16,350","16,250","16,390","16,180","282,08K","0,80%"
"29.01.2024","16,220","16,200","16,300","16,100","345,83K","0,12%"
"26.01.2024","16,200","16,100","16,240","16,040","777,41K","0,50%"
"25.01.2024","16,120","16,050","16,140","15,930","294,92K","0,69%"
"24.01.2024","16,010","15,800","16,010","15,790","394,91K","1,52%"
"23.01.2024","15,770","15,910","15,920","15,700","419,81K","-0,88%"
"22.01.2024","15,910","15,750","15,960","15,650","301,13K","1,53%"
"19.01.2024","15,670","15,920","15,920","15,640","294,37K","-0,82%"
"18.01.2024","15,800","15,730","15,810","15,480","1,58M","0,96%"
"17.01.2024","15,650","15,240","15,680","15,210","588,38K","2,69%"
"16.01.2024","15,240","15,300","15,370","15,080","310,70K","-0,46%"
"15.01.2024","15,310","15,250","15,370","15,150","324,20K","0,66%"
"12.01.2024","15,210","14,910","15,220","14,910","603,39K","2,22%"
"11.01.2024","14,880","14,450","14,940","14,420","639,93K","4,35%"
"10.01.2024","14,260","14,110","14,310","14,090","277,71K","1,35%"
"09.01.2024","14,070","14,260","14,260","13,980","221,23K","-0,71%"
"08.01.2024","14,170","13,990","14,170","13,900","202,72K","1,14%"
"05.01.2024","14,010","13,900","14,030","13,860","195,25K","0,29%"
"04.01.2024","13,970","13,900","14,000","13,830","432,94K","0,29%"
"03.01.2024","13,930","14,030","14,060","13,850","333,64K","-1,07%"
"02.01.2024","14,080","14,110","14,380","14,040","285,04K","0,57%"
"29.12.2023","14,000","14,100","14,210","13,950","266,56K","-0,43%"
"28.12.2023","14,060","14,010","14,060","13,880","249,52K","0,50%"
"27.12.2023","13,990","14,010","14,120","13,980","222,78K","-0,07%"
"22.12.2023","14,000","13,980","14,000","13,880","157,42K","-0,14%"
"21.12.2023","14,020","13,960","14,060","13,930","353,38K","0,00%"
"20.12.2023","14,020","14,170","14,170","13,880","325,15K","-0,85%"
"19.12.2023","14,140","13,940","14,190","13,940","288,56K","1,29%"
"18.12.2023","13,960","13,910","14,000","13,860","258,47K","0,14%"
"15.12.2023","13,940","13,800","14,030","13,790","581,68K","1,31%"
"14.12.2023","13,760","14,110","14,170","13,740","942,78K","-1,78%"
"13.12.2023","14,010","14,140","14,220","14,010","251,20K","-0,78%"
"12.12.2023","14,120","13,940","14,210","13,940","421,33K","1,73%"
"11.12.2023","13,880","14,220","14,230","13,820","264,90K","-2,39%"
"08.12.2023","14,220","13,990","14,270","13,910","339,13K","2,01%"
"07.12.2023","13,940","14,150","14,210","13,840","288,49K","-1,97%"
"06.12.2023","14,220","14,340","14,360","14,030","366,83K","-0,63%"
"05.12.2023","14,310","14,330","14,410","14,220","285,81K","-0,14%"
"04.12.2023","14,330","14,350","14,510","14,260","471,64K","-0,07%"
"01.12.2023","14,340","14,200","14,360","14,200","290,62K","1,34%"
"30.11.2023","14,150","14,400","14,410","14,100","689,57K","-1,05%"
"29.11.2023","14,300","14,390","14,430","14,270","238,80K","0,07%"
"28.11.2023","14,290","14,250","14,400","14,180","285,10K","0,21%"
"27.11.2023","14,260","14,410","14,500","14,250","265,41K","-0,90%"
"24.11.2023","14,390","14,560","14,590","14,360","376,60K","-0,90%"
"23.11.2023","14,520","14,400","14,540","14,390","217,82K","1,04%"
"22.11.2023","14,370","14,140","14,450","14,140","734,60K","1,48%"
"21.11.2023","14,160","14,120","14,280","13,990","384,70K","0,50%"
"20.11.2023","14,090","13,930","14,210","13,930","506,91K","1,22%"
"17.11.2023","13,920","13,980","13,980","13,870","618,76K","0,00%"
"16.11.2023","13,920","13,970","14,240","13,910","441,37K","-0,14%"
"15.11.2023","13,940","13,970","14,030","13,900","326,31K","-0,29%"
"14.11.2023","13,980","13,710","14,000","13,700","450,51K","1,97%"
"13.11.2023","13,710","13,680","13,750","13,550","231,57K","1,26%"
"10.11.2023","13,540","13,230","13,600","13,230","314,34K","2,11%"
"09.11.2023","13,260","13,100","13,310","13,100","205,11K","0,23%"
"08.11.2023","13,230","13,000","13,240","13,000","341,58K","1,22%"
"07.11.2023","13,070","12,880","13,150","12,880","301,51K","0,93%"
"06.11.2023","12,950","12,940","13,010","12,850","486,46K","0,08%"
"03.11.2023","12,940","13,220","13,270","12,940","597,08K","-1,75%"
"02.11.2023","13,170","13,400","13,430","13,030","466,12K","-1,05%"
"01.11.2023","13,310","13,270","13,380","13,050","446,01K","0,45%"
"31.10.2023","13,250","13,270","13,380","12,560","947,42K","0,84%"
"30.10.2023","13,140","13,180","13,330","13,140","343,35K","0,00%"
"27.10.2023","13,140","13,200","13,230","13,020","380,86K","-0,61%"
"26.10.2023","13,220","13,330","13,340","13,180","259,43K","-0,90%"
"25.10.2023","13,340","13,200","13,390","13,140","402,12K","0,76%"
"24.10.2023","13,240","13,150","13,340","13,140","332,24K","1,15%"
"23.10.2023","13,090","13,120","13,170","13,020","308,59K","-0,08%"
"20.10.2023","13,100","13,150","13,280","13,030","472,49K","-1,73%"
"19.10.2023","13,330","13,380","13,430","13,200","364,53K","-0,67%"
"18.10.2023","13,420","13,560","13,620","13,350","2,89M","-1,18%"
"17.10.2023","13,580","13,460","13,590","13,410","277,62K","1,12%"
"16.10.2023","13,430","13,480","13,560","13,370","210,01K","-0,07%"
"13.10.2023","13,440","13,750","13,840","13,420","360,34K","-2,18%"
"12.10.2023","13,740","13,680","13,840","13,640","274,97K","1,48%"
"11.10.2023","13,540","13,400","13,630","13,400","279,34K","0,52%"
"10.10.2023","13,470","13,500","13,650","13,250","354,85K","0,97%"
"09.10.2023","13,340","13,130","13,440","13,130","460,40K","1,68%"
"06.10.2023","13,120","13,010","13,150","12,950","322,06K","1,31%"
"05.10.2023","12,950","13,100","13,100","12,750","612,55K","-0,54%"
"04.10.2023","13,020","13,220","13,220","12,830","467,21K","-2,03%"
"03.10.2023","13,290","13,600","13,630","13,250","377,32K","-2,64%"
"02.10.2023","13,650","13,720","13,790","13,530","376,69K","-0,36%"
"29.09.2023","13,700","13,730","13,880","13,700","288,86K","-0,44%"
"28.09.2023","13,760","13,760","13,800","13,640","280,14K","0,22%"
"27.09.2023","13,730","13,680","13,740","13,640","264,90K","0,37%"
"26.09.2023","13,680","13,850","13,860","13,650","441,54K","-1,30%"
"25.09.2023","13,860","13,880","13,950","13,780","304,21K","-0,14%"
"22.09.2023","13,880","13,940","14,000","13,850","313,63K","-1,14%"
"21.09.2023","14,040","14,010","14,060","13,970","492,95K","-0,28%"
"20.09.2023","14,080","14,150","14,150","14,040","395,84K","-0,28%"
"19.09.2023","14,120","14,070","14,130","14,030","402,25K","0,43%"
"18.09.2023","14,060","14,100","14,140","14,000","562,75K","-0,64%"
"15.09.2023","14,150","14,250","14,290","14,110","799,29K","0,00%"
"14.09.2023","14,150","13,870","14,200","13,850","849,18K","2,02%"
"13.09.2023","13,870","13,740","13,920","13,700","495,12K","1,02%"
"12.09.2023","13,730","13,660","13,890","13,640","450,26K","0,59%"
"11.09.2023","13,650","13,520","13,770","13,520","373,87K","0,96%"
"08.09.2023","13,520","13,480","13,580","13,370","364,22K","0,97%"
"07.09.2023","13,390","13,190","13,590","13,190","552,67K","1,13%"
"06.09.2023","13,240","13,160","13,290","13,160","240,83K","0,23%"
"05.09.2023","13,210","13,150","13,240","13,080","258,11K","0,69%"
"04.09.2023","13,120","13,050","13,150","13,030","204,38K","0,54%"
"01.09.2023","13,050","13,020","13,150","13,020","203,96K","0,00%"
"31.08.2023","13,050","13,010","13,110","12,950","451,03K","0,08%"
"30.08.2023","13,040","13,070","13,140","13,010","257,16K","-0,23%"
"29.08.2023","13,070","12,960","13,070","12,850","303,42K","0,65%"
"28.08.2023","12,985","12,985","12,990","12,900","","0,43%"
"25.08.2023","12,930","12,920","13,010","12,820","270,99K","0,23%"
"24.08.2023","12,900","13,080","13,140","12,890","317,51K","-1,30%"
"23.08.2023","13,070","13,160","13,190","13,020","262,79K","-0,68%"
"22.08.2023","13,160","13,250","13,250","13,080","237,00K","-0,38%"
"21.08.2023","13,210","13,290","13,290","13,180","201,08K","-0,30%"
"18.08.2023","13,250","13,150","13,260","13,090","346,61K","0,45%"
"17.08.2023","13,190","13,200","13,310","13,170","318,27K","-0,75%"
"16.08.2023","13,290","13,200","13,360","13,200","237,65K","0,23%"
"15.08.2023","13,260","13,400","13,400","13,170","249,62K","-0,60%"
"14.08.2023","13,340","13,270","13,360","13,240","260,37K","0,45%"
"11.08.2023","13,280","13,380","13,380","13,240","1,61M","-0,30%"
"10.08.2023","13,320","13,390","13,410","13,300","445,42K","-0,37%"
"09.08.2023","13,370","13,390","13,470","13,330","353,98K","0,60%"
"08.08.2023","13,290","13,380","13,410","13,230","335,05K","-0,75%"
"07.08.2023","13,390","13,320","13,480","13,270","385,98K","0,37%"
"04.08.2023","13,340","13,390","13,480","12,900","778,21K","-1,19%"
"03.08.2023","13,500","13,350","13,570","13,340","590,80K","0,75%"
"02.08.2023","13,400","13,200","13,410","13,160","425,78K","0,75%"
"01.08.2023","13,300","13,150","13,340","13,150","375,54K","0,61%"
"31.07.2023","13,220","13,430","13,430","13,180","436,36K","-2,07%"
"28.07.2023","13,500","13,180","13,590","13,170","887,85K","2,43%"
"27.07.2023","13,180","12,700","13,250","12,610","1,11M","5,44%"
"26.07.2023","12,500","12,520","12,590","12,390","644,23K","0,48%"
"25.07.2023","12,440","12,400","12,520","12,370","351,40K","0,08%"
"24.07.2023","12,430","12,490","12,500","12,210","620,66K","-2,05%"
"21.07.2023","12,690","12,580","12,690","12,460","574,29K","0,24%"
"20.07.2023","12,660","12,360","12,670","12,310","1,41M","2,01%"
"19.07.2023","12,410","12,270","12,430","12,270","478,54K","1,14%"
"18.07.2023","12,270","12,040","12,280","11,990","495,55K","2,25%"
"17.07.2023","12,000","12,010","12,110","11,870","349,93K","-0,91%"
"14.07.2023","12,110","12,050","12,190","12,010","306,31K","0,25%"
"13.07.2023","12,080","11,990","12,100","11,940","393,41K","1,00%"
"12.07.2023","11,960","11,860","12,040","11,850","433,07K","1,18%"
"11.07.2023","11,820","11,750","11,860","11,630","500,92K","1,20%"
"10.07.2023","11,680","11,480","11,710","11,450","483,48K","-0,26%"
"07.07.2023","11,710","11,790","11,790","11,610","559,44K","-0,68%"
"06.07.2023","11,790","11,730","12,020","11,700","1,63M","0,51%"
"05.07.2023","11,730","11,490","11,740","11,420","672,08K","2,09%"
"04.07.2023","11,490","11,640","11,640","11,410","470,23K","-0,78%"
"03.07.2023","11,580","11,590","11,660","11,530","346,32K","0,00%"
"30.06.2023","11,580","11,410","11,620","11,400","478,13K","1,67%"
"29.06.2023","11,390","11,270","11,410","11,270","1,05M","0,71%"
"28.06.2023","11,310","11,200","11,360","11,200","397,49K","0,98%"
"27.06.2023","11,200","11,200","11,230","11,090","349,39K","0,27%"
"26.06.2023","11,170","11,300","11,300","11,080","260,91K","-0,36%"
"23.06.2023","11,210","11,300","11,330","11,140","320,37K","-0,97%"
"22.06.2023","11,320","11,400","11,410","11,260","397,83K","-1,39%"
"21.06.2023","11,480","11,550","11,610","11,480","322,04K","-0,69%"
"20.06.2023","11,560","11,530","11,630","11,530","382,15K","0,09%"
"19.06.2023","11,550","11,660","11,670","11,550","272,55K","-1,28%"
"16.06.2023","11,700","11,610","11,790","11,540","668,58K","1,74%"
"15.06.2023","11,500","11,600","11,650","11,480","482,47K","-0,61%"
"14.06.2023","11,570","11,500","11,610","11,420","380,63K","0,00%"
"13.06.2023","11,570","11,500","11,630","11,470","517,05K","1,40%"
"12.06.2023","11,410","11,400","11,480","11,370","474,28K","-0,09%"
"09.06.2023","11,420","11,500","11,540","11,370","342,57K","-0,70%"
"08.06.2023","11,500","11,330","11,540","11,310","449,85K","0,79%"
"07.06.2023","11,410","11,450","11,560","11,410","367,44K","-0,78%"
"06.06.2023","11,500","11,520","11,600","11,460","326,47K","-0,69%"
"05.06.2023","11,580","11,690","11,710","11,540","330,15K","-0,77%"
"02.06.2023","11,670","11,720","11,720","11,610","278,19K","0,26%"
"01.06.2023","11,640","11,520","11,660","11,520","403,97K","1,48%"
"31.05.2023","11,470","11,450","11,560","11,400","1,01M","0,00%"
"30.05.2023","11,470","11,530","11,590","11,470","379,57K","-0,61%"
"29.05.2023","11,540","11,610","11,690","11,490","295,39K","-0,35%"
"26.05.2023","11,580","11,450","11,610","11,280","572,40K","1,67%"
"25.05.2023","11,390","11,510","11,510","11,270","621,13K","-1,04%"
"24.05.2023","11,510","11,690","11,700","11,440","573,97K","-2,04%"
"23.05.2023","11,750","11,990","11,990","11,680","671,66K","-1,26%"
"22.05.2023","11,900","11,920","12,000","11,860","435,82K","-0,17%"
"19.05.2023","11,920","12,080","12,100","11,870","644,85K","0,17%"
"18.05.2023","11,900","11,870","11,900","11,840","363,52K","0,51%"
"17.05.2023","11,840","11,840","11,870","11,780","311,78K","-0,17%"
"16.05.2023","11,860","11,790","11,930","11,780","625,20K","0,59%"
"15.05.2023","11,790","11,930","11,930","11,740","367,27K","-0,51%"
"12.05.2023","11,850","11,900","11,900","11,800","409,39K","0,77%"
"11.05.2023","11,760","11,760","11,900","11,690","473,82K","-1,42%"
"10.05.2023","11,930","12,080","12,080","11,900","498,31K","-0,42%"
"09.05.2023","11,980","12,050","12,090","11,950","523,85K","-0,08%"
"08.05.2023","11,990","12,000","12,070","11,910","408,43K","0,00%"
"05.05.2023","11,990","11,990","12,020","11,880","700,67K","0,25%"
"04.05.2023","11,960","12,000","12,040","11,870","672,72K","-0,25%"
"03.05.2023","11,990","11,960","12,100","11,930","944,02K","-0,25%"
"02.05.2023","12,020","12,220","12,250","11,700","995,30K","0,17%"
"28.04.2023","12,000","12,400","12,460","11,980","1,56M","-2,76%"
"27.04.2023","12,340","12,280","12,410","12,200","1,37M","0,33%"
"26.04.2023","12,300","12,190","12,320","12,100","859,88K","0,33%"
"25.04.2023","12,260","12,350","12,350","12,120","708,39K","-0,33%"
"24.04.2023","12,300","12,280","12,400","12,280","816,68K","-0,57%"
"21.04.2023","12,370","12,600","12,600","12,300","1,33M","-1,51%"
"20.04.2023","12,560","12,750","12,770","12,540","721,51K","-1,57%"
"19.04.2023","12,760","12,700","12,790","12,680","742,94K","0,55%"
"18.04.2023","12,690","12,480","12,740","12,480","607,81K","1,93%"
"17.04.2023","12,450","12,510","12,560","12,450","1,34M","-0,40%"
"14.04.2023","12,500","12,780","12,780","12,480","1,02M","-2,27%"
"13.04.2023","12,790","12,650","12,800","12,600","991,80K","1,35%"
"12.04.2023","12,620","12,510","12,770","12,010","928,46K","-0,32%"
"11.04.2023","12,660","12,750","12,760","12,480","1,05M","-0,24%"
"06.04.2023","12,690","12,520","12,720","12,510","369,77K","0,87%"
"05.04.2023","12,580","12,640","12,700","12,570","667,61K","-0,16%"
"04.04.2023","12,600","12,500","12,640","12,460","550,79K","1,20%"
"03.04.2023","12,450","12,500","12,510","12,390","577,97K","0,00%"
"31.03.2023","12,450","12,650","12,710","12,340","522,83K","-1,35%"
"30.03.2023","12,620","12,500","12,660","12,470","1,62M","1,20%"
"29.03.2023","12,470","12,300","12,500","12,210","610,51K","1,88%"
"28.03.2023","12,240","12,240","12,300","12,190","473,85K","0,91%"
"27.03.2023","12,130","12,100","12,170","11,990","463,83K","1,51%"
"24.03.2023","11,950","11,900","11,980","11,810","539,12K","-0,91%"
"23.03.2023","12,060","11,880","12,060","11,810","452,34K","1,43%"
"22.03.2023","11,890","11,910","11,930","11,820","606,39K","-0,08%"
"21.03.2023","11,900","11,530","11,940","11,530","810,27K","2,76%"
"20.03.2023","11,580","11,260","11,580","11,120","613,88K","3,21%"
"17.03.2023","11,220","11,450","11,590","11,140","1,04M","-1,32%"
"16.03.2023","11,370","11,440","11,470","11,180","657,25K","0,26%"
"15.03.2023","11,340","11,610","11,640","11,230","1,08M","-1,99%"
"14.03.2023","11,570","11,180","11,610","11,170","669,34K","3,49%"
"13.03.2023","11,180","11,490","11,510","11,080","2,19M","-2,70%"
"10.03.2023","11,490","11,500","11,520","11,370","594,34K","-0,61%"
"09.03.2023","11,560","11,600","11,630","11,520","591,14K","-0,09%"
"08.03.2023","11,570","11,510","11,710","11,490","1,63M","0,52%"
"07.03.2023","11,510","11,900","11,900","11,450","2,42M","-7,18%"
"06.03.2023","12,400","12,480","12,480","12,160","517,16K","-0,16%"
"03.03.2023","12,420","12,480","12,520","12,380","557,67K","0,24%"
"02.03.2023","12,390","12,500","12,670","12,330","777,90K","-1,04%"
"01.03.2023","12,520","12,100","12,630","12,010","1,30M","4,86%"
"28.02.2023","11,940","11,940","12,010","11,930","567,48K","-0,42%"
"27.02.2023","11,990","11,760","12,000","11,760","494,40K","1,96%"
"24.02.2023","11,760","11,940","12,030","11,710","407,42K","-1,51%"
"23.02.2023","11,940","11,740","11,960","11,720","415,09K","2,40%"
"22.02.2023","11,660","11,680","11,680","11,540","216,89K","-0,43%"
"21.02.2023","11,710","11,640","11,780","11,610","349,66K","0,43%"
"20.02.2023","11,660","11,670","11,860","11,590","394,68K","0,26%"
"17.02.2023","11,630","11,500","11,670","11,500","285,80K","0,78%"
"16.02.2023","11,540","11,500","11,630","11,450","324,00K","0,87%"
"15.02.2023","11,440","11,480","11,510","11,420","305,95K","-0,17%"
"14.02.2023","11,460","11,500","11,630","11,450","472,39K","-0,09%"
"13.02.2023","11,470","11,430","11,530","11,410","199,75K","0,70%"
"10.02.2023","11,390","11,440","11,510","11,340","357,13K","-0,61%"
"09.02.2023","11,460","11,450","11,560","11,450","385,71K","0,53%"
"08.02.2023","11,400","11,340","11,450","11,310","354,57K","0,71%"
"07.02.2023","11,320","11,480","11,480","11,250","425,30K","-1,57%"
"06.02.2023","11,500","11,400","11,530","11,400","312,42K","0,26%"
"03.02.2023","11,470","11,500","11,560","11,400","552,00K","-0,17%"
"02.02.2023","11,490","11,400","11,540","11,380","552,03K","1,41%"
"01.02.2023","11,330","11,170","11,350","11,150","411,90K","1,16%"
"31.01.2023","11,200","11,190","11,230","11,160","409,92K","-0,44%"
"30.01.2023","11,250","11,250","11,290","11,160","357,38K","0,09%"
"27.01.2023","11,240","11,290","11,350","11,120","577,33K","-0,44%"
"26.01.2023","11,290","11,190","11,380","11,120","477,36K","1,90%"
"25.01.2023","11,080","11,240","11,250","11,070","464,07K","-1,42%"
"24.01.2023","11,240","10,900","11,270","10,900","454,87K","1,72%"
"23.01.2023","11,050","11,130","11,150","10,970","591,07K","-0,63%"
"20.01.2023","11,120","11,000","11,130","10,940","406,35K","1,83%"
"19.01.2023","10,920","10,950","11,010","10,860","350,73K","-0,91%"
"18.01.2023","11,020","11,020","11,170","11,010","331,33K","0,09%"
"17.01.2023","11,010","11,010","11,080","10,960","344,42K","-0,27%"
"16.01.2023","11,040","10,910","11,070","10,850","407,41K","1,19%"
"13.01.2023","10,910","10,900","10,990","10,850","681,29K","0,55%"
"12.01.2023","10,850","10,630","10,920","10,520","701,23K","1,69%"
"11.01.2023","10,670","10,800","10,830","10,670","454,54K","-0,47%"
"10.01.2023","10,720","10,760","10,800","10,610","414,71K","-0,74%"
"09.01.2023","10,800","10,890","10,910","10,780","521,93K","-0,28%"
"06.01.2023","10,830","10,860","10,890","10,780","380,75K","-0,09%"
"05.01.2023","10,840","10,850","10,870","10,740","432,54K","0,18%"
"04.01.2023","10,820","10,830","10,890","10,770","404,01K","-0,09%"
"03.01.2023","10,830","10,720","10,930","10,720","562,99K","0,28%"
"02.01.2023","10,800","10,800","10,810","10,600","291,49K","1,41%"
"30.12.2022","10,650","10,650","10,740","10,630","384,26K","-0,47%"
"29.12.2022","10,700","10,640","10,720","10,580","385,46K","0,56%"
"28.12.2022","10,640","10,650","10,720","10,610","422,05K","-0,09%"
"27.12.2022","10,650","10,740","10,780","10,630","290,90K","-0,65%"
"23.12.2022","10,720","10,670","10,720","10,580","547,60K","0,66%"
"22.12.2022","10,650","10,540","10,670","10,450","640,72K","1,33%"
"21.12.2022","10,510","10,370","10,540","10,340","512,56K","2,24%"
"20.12.2022","10,280","10,200","10,280","10,090","398,22K","-0,19%"
"19.12.2022","10,300","10,200","10,370","10,200","509,97K","0,78%"
"16.12.2022","10,220","10,200","10,310","10,060","628,60K","-0,10%"
"15.12.2022","10,230","10,240","10,400","10,220","668,09K","-0,49%"
"14.12.2022","10,280","10,280","10,300","10,180","328,20K","-0,48%"
"13.12.2022","10,330","10,150","10,450","10,140","592,75K","1,77%"
"12.12.2022","10,150","10,190","10,220","10,100","250,74K","-1,26%"
"09.12.2022","10,280","10,280","10,300","9,960","814,07K","0,49%"
"08.12.2022","10,230","10,360","10,430","10,210","1,42M","-0,97%"
"07.12.2022","10,330","10,200","10,360","10,200","484,12K","0,39%"
"06.12.2022","10,290","10,190","10,450","10,160","505,96K","0,10%"
"05.12.2022","10,280","10,500","10,550","10,220","607,35K","-2,56%"
"02.12.2022","10,550","10,120","10,700","10,020","1,32M","4,77%"
"01.12.2022","10,070","9,945","10,110","9,860","782,31K","2,81%"
"30.11.2022","9,795","9,935","9,960","9,755","654,08K","-1,61%"
"29.11.2022","9,955","9,950","10,000","9,930","315,42K","0,40%"
"28.11.2022","9,915","9,955","9,980","9,905","329,77K","-0,80%"
"25.11.2022","9,995","9,985","10,020","9,890","419,16K","0,35%"
"24.11.2022","9,960","9,950","9,995","9,860","326,49K","0,20%"
"23.11.2022","9,940","10,000","10,120","9,920","1,29M","-0,45%"
"22.11.2022","9,985","9,700","10,070","9,640","1,46M","3,58%"
"21.11.2022","9,640","9,400","9,760","9,315","804,52K","2,77%"
"18.11.2022","9,380","9,360","9,380","9,295","374,22K","0,43%"
"17.11.2022","9,340","9,350","9,350","9,235","239,26K","0,43%"
"16.11.2022","9,300","9,540","9,545","9,150","515,79K","-2,26%"
"15.11.2022","9,515","9,500","9,570","9,425","430,13K","0,69%"
"14.11.2022","9,450","9,450","9,490","9,345","455,53K","0,11%"
"11.11.2022","9,440","9,715","9,715","9,420","626,71K","-1,82%"
"10.11.2022","9,615","9,500","9,615","9,380","645,10K","1,48%"
"09.11.2022","9,475","9,460","9,480","9,335","454,10K","-0,26%"
"08.11.2022","9,500","9,435","9,500","9,395","496,19K","1,39%"
"07.11.2022","9,370","9,300","9,435","9,165","396,17K","0,75%"
"04.11.2022","9,300","9,255","9,355","9,080","1,14M","0,81%"
"03.11.2022","9,225","9,250","9,470","9,045","1,02M","1,37%"
"02.11.2022","9,100","9,200","9,200","8,960","1,15M","-0,49%"
"01.11.2022","9,145","9,140","9,230","9,065","426,41K","1,05%"
"31.10.2022","9,050","8,930","9,090","8,885","496,89K","2,26%"
"28.10.2022","8,850","8,870","8,910","8,720","415,18K","-0,39%"
"27.10.2022","8,885","8,755","8,925","8,740","486,11K","1,02%"
"26.10.2022","8,795","8,675","8,900","8,675","450,15K","-0,40%"
"25.10.2022","8,830","8,750","8,835","8,715","407,95K","0,63%"
"24.10.2022","8,775","8,845","8,900","8,645","365,77K","-0,40%"
"21.10.2022","8,810","8,725","8,840","8,570","566,52K","-0,11%"
"20.10.2022","8,820","8,685","8,820","8,585","727,03K","1,50%"
"19.10.2022","8,690","8,380","8,735","8,315","1,34M","3,70%"
"18.10.2022","8,380","8,285","8,510","8,285","699,14K","2,26%"
"17.10.2022","8,195","8,010","8,235","8,010","866,79K","2,50%"
"14.10.2022","7,995","7,970","8,175","7,925","736,78K","1,46%"
"13.10.2022","7,880","7,700","7,885","7,640","575,87K","1,48%"
"12.10.2022","7,765","7,760","7,810","7,665","314,26K","0,58%"
"11.10.2022","7,720","7,725","7,770","7,670","334,96K","-0,96%"
"10.10.2022","7,795","7,645","7,795","7,625","410,22K","1,30%"
"07.10.2022","7,695","7,920","7,925","7,665","683,61K","-2,22%"
"06.10.2022","7,870","8,050","8,055","7,865","355,42K","-1,01%"
"05.10.2022","7,950","8,105","8,105","7,920","496,93K","-1,18%"
"04.10.2022","8,045","7,920","8,100","7,895","440,40K","2,61%"
"03.10.2022","7,840","8,025","8,025","7,700","495,76K","-0,19%"
"30.09.2022","7,855","7,640","7,910","7,635","451,34K","2,75%"
"29.09.2022","7,645","7,765","7,765","7,540","562,76K","-1,80%"
"28.09.2022","7,785","7,875","7,910","7,595","655,40K","-2,01%"
"27.09.2022","7,945","8,085","8,145","7,945","1,17M","0,19%"
"26.09.2022","7,930","7,775","8,065","7,750","624,11K","0,38%"
"23.09.2022","7,900","8,040","8,040","7,735","567,17K","-1,25%"
"22.09.2022","8,000","8,040","8,115","7,935","491,06K","-2,32%"
"21.09.2022","8,190","8,050","8,210","8,005","423,36K","1,61%"
"20.09.2022","8,060","8,200","8,210","8,050","569,05K","-2,18%"
"19.09.2022","8,240","8,210","8,280","8,040","446,41K","0,86%"
"16.09.2022","8,170","8,045","8,245","7,870","775,36K","2,32%"
"15.09.2022","7,985","8,245","8,340","7,935","725,58K","-3,45%"
"14.09.2022","8,270","8,000","8,400","8,000","871,84K","2,73%"
"13.09.2022","8,050","8,155","8,285","8,050","542,65K","-1,65%"
"12.09.2022","8,185","8,110","8,270","8,050","516,89K","2,06%"
"09.09.2022","8,020","7,790","8,065","7,790","561,58K","2,89%"
"08.09.2022","7,795","7,790","7,815","7,635","402,13K","1,04%"
"07.09.2022","7,715","7,625","7,740","7,625","452,22K","0,00%"
"06.09.2022","7,715","7,650","7,775","7,635","444,32K","0,33%"
"05.09.2022","7,690","7,560","7,730","7,515","368,11K","-0,84%"
"02.09.2022","7,755","7,700","7,790","7,600","463,11K","2,51%"
"01.09.2022","7,565","7,840","7,845","7,565","581,12K","-3,51%"
"31.08.2022","7,840","7,895","7,945","7,825","576,47K","-0,70%"
"30.08.2022","7,895","8,050","8,125","7,880","586,20K","-1,25%"
"29.08.2022","7,995","8,000","8,055","7,875","700,00K","-1,17%"
"26.08.2022","8,090","8,350","8,350","8,090","370,33K","-2,18%"
"25.08.2022","8,270","8,315","8,390","8,230","277,40K","-0,54%"
"24.08.2022","8,315","8,250","8,345","8,155","454,11K","0,73%"
"23.08.2022","8,255","8,295","8,365","8,255","321,83K","-0,78%"
"22.08.2022","8,320","8,370","8,370","8,230","425,60K","-1,01%"
"19.08.2022","8,405","8,530","8,530","8,405","285,28K","-1,29%"
"18.08.2022","8,515","8,470","8,550","8,380","509,73K","0,53%"
"17.08.2022","8,470","8,615","8,630","8,440","456,29K","-1,57%"
"16.08.2022","8,605","8,525","8,655","8,465","411,95K","1,53%"
"15.08.2022","8,475","8,510","8,590","8,410","369,32K","-0,82%"
"12.08.2022","8,545","8,625","8,660","8,510","321,55K","-0,06%"
"11.08.2022","8,550","8,675","8,740","8,550","350,88K","-1,55%"
"10.08.2022","8,685","8,500","8,710","8,450","469,53K","2,24%"
"09.08.2022","8,495","8,560","8,565","8,435","546,59K","-0,76%"
"08.08.2022","8,560","8,595","8,595","8,485","417,17K","1,06%"
"05.08.2022","8,470","8,510","8,555","8,460","546,86K","-0,47%"
"04.08.2022","8,510","8,500","8,655","8,260","1,16M","-3,57%"
"03.08.2022","8,825","8,600","8,855","8,485","492,11K","2,32%"
"02.08.2022","8,625","8,700","8,755","8,570","637,27K","-1,48%"
"01.08.2022","8,755","8,900","8,980","8,700","655,37K","-1,63%"
"29.07.2022","8,900","8,900","8,930","8,810","658,26K","1,14%"
"28.07.2022","8,800","9,210","9,370","8,570","1,04M","-2,92%"
"27.07.2022","9,065","8,990","9,115","8,865","517,53K","1,57%"
"26.07.2022","8,925","9,150","9,165","8,925","720,29K","-2,67%"
"25.07.2022","9,170","9,260","9,295","9,145","345,30K","-1,13%"
"22.07.2022","9,275","9,390","9,390","9,245","349,30K","-0,59%"
"21.07.2022","9,330","9,220","9,330","9,135","422,77K","0,38%"
"20.07.2022","9,295","9,450","9,570","9,290","611,73K","-2,16%"
"19.07.2022","9,500","9,450","9,570","9,350","1,31M","0,74%"
"18.07.2022","9,430","9,365","9,455","9,340","455,18K","1,29%"
"15.07.2022","9,310","9,110","9,340","9,005","471,13K","2,36%"
"14.07.2022","9,095","9,295","9,335","9,020","514,27K","-2,05%"
"13.07.2022","9,285","9,505","9,505","8,990","803,88K","-2,37%"
"12.07.2022","9,510","9,360","9,530","9,345","589,98K","0,37%"
"11.07.2022","9,475","9,280","9,515","9,205","500,69K","0,74%"
"08.07.2022","9,405","9,350","9,460","9,185","932,21K","0,05%"
"07.07.2022","9,400","9,000","9,550","9,000","1,58M","5,20%"
"06.07.2022","8,935","8,650","8,970","8,650","773,25K","4,20%"
"05.07.2022","8,575","9,000","9,000","8,575","673,00K","-3,65%"
"04.07.2022","8,900","9,015","9,065","8,890","495,03K","-0,34%"
"01.07.2022","8,930","9,100","9,330","8,890","1,08M","-2,14%"
"30.06.2022","9,125","8,950","9,140","8,900","1,76M","2,18%"
"29.06.2022","8,930","9,075","9,080","8,760","910,43K","-1,65%"
"28.06.2022","9,080","8,940","9,105","8,745","1,89M","2,54%"
"27.06.2022","8,855","8,850","9,025","8,655","2,08M","2,55%"
"24.06.2022","8,635","9,570","9,570","7,950","8,29M","-14,76%"
"23.06.2022","10,130","10,580","10,620","10,110","1,34M","-3,71%"
"22.06.2022","10,520","10,520","10,620","10,390","807,47K","-0,47%"
"21.06.2022","10,570","10,560","10,790","10,470","3,81M","0,67%"
"20.06.2022","10,500","10,400","10,530","10,400","670,26K","0,77%"
"17.06.2022","10,420","10,250","10,490","10,250","1,29M","1,17%"
"16.06.2022","10,300","10,320","10,390","10,090","842,91K","0,29%"
"15.06.2022","10,270","10,500","10,580","9,990","1,64M","-1,25%"
"14.06.2022","10,400","10,350","10,500","10,330","6,05M","-0,29%"
"13.06.2022","10,430","10,510","10,590","10,220","1,62M","-2,80%"
"10.06.2022","10,730","10,740","10,850","10,670","1,69M","-1,11%"
"09.06.2022","10,850","10,830","11,030","10,820","1,09M","-0,28%"
"08.06.2022","10,880","10,700","10,950","10,700","545,31K","0,74%"
"07.06.2022","10,800","10,600","10,820","10,600","3,68M","0,75%"
"06.06.2022","10,720","10,650","10,750","10,580","1,42M","0,66%"
"03.06.2022","10,650","10,570","10,690","10,550","6,25M","0,95%"
"02.06.2022","10,550","10,380","10,550","10,340","789,55K","1,34%"
"01.06.2022","10,410","10,200","10,490","10,170","1,44M","2,66%"
"31.05.2022","10,140","10,200","10,230","10,120","604,06K","-1,07%"
"30.05.2022","10,250","10,300","10,410","10,140","490,92K","0,29%"
"27.05.2022","10,220","10,070","10,280","10,060","1,06M","1,39%"
"26.05.2022","10,080","9,995","10,080","9,920","1,46M","1,10%"
"25.05.2022","9,970","9,760","9,975","9,725","630,53K","2,57%"
"24.05.2022","9,720","9,860","9,935","9,700","636,98K","-1,52%"
"23.05.2022","9,870","9,735","9,885","9,725","514,21K","2,65%"
"20.05.2022","9,615","9,565","9,770","9,495","629,81K","1,10%"
"19.05.2022","9,510","9,300","9,530","9,280","513,05K","1,06%"
"18.05.2022","9,410","9,555","9,625","9,385","791,98K","-2,44%"
"17.05.2022","9,645","9,380","9,735","9,380","568,17K","1,37%"
"16.05.2022","9,515","9,500","9,595","9,380","386,86K","0,26%"
"13.05.2022","9,490","9,400","9,595","9,395","451,63K","1,01%"
"12.05.2022","9,395","9,250","9,455","9,175","500,57K","-0,05%"
"11.05.2022","9,400","9,400","9,430","9,230","408,47K","0,59%"
"10.05.2022","9,345","9,420","9,470","9,295","551,86K","0,16%"
"09.05.2022","9,330","9,450","9,615","9,300","607,94K","-1,79%"
"06.05.2022","9,500","9,460","9,665","9,440","497,12K","-1,25%"
"05.05.2022","9,620","9,950","10,060","9,550","821,45K","-1,08%"
"04.05.2022","9,725","9,895","9,895","9,715","466,48K","-1,27%"
"03.05.2022","9,850","9,800","9,930","9,715","","2,07%"
"02.05.2022","9,650","9,800","9,810","9,390","1,03M","-1,18%"
"29.04.2022","9,765","9,485","9,960","9,450","1,41M","6,08%"
"28.04.2022","9,205","9,330","9,330","9,075","413,46K","0,22%"
"27.04.2022","9,185","9,260","9,260","9,045","911,02K","0,22%"
"26.04.2022","9,165","9,300","9,365","9,135","","-0,38%"
"25.04.2022","9,200","9,110","9,450","9,100","","-0,54%"
"22.04.2022","9,250","9,110","9,320","9,085","815,63K","-1,80%"
"21.04.2022","9,420","9,450","9,610","9,420","3,42M","0,00%"
"20.04.2022","9,420","9,100","9,430","9,100","530,18K","2,89%"
"19.04.2022","9,155","9,190","9,245","9,085","475,86K","-0,38%"
"14.04.2022","9,190","9,140","9,285","9,090","449,03K","1,49%"
"13.04.2022","9,055","9,070","9,095","8,910","579,37K","-0,22%"
"12.04.2022","9,075","9,060","9,210","8,990","902,59K","-0,33%"
"11.04.2022","9,105","9,240","9,295","9,105","1,22M","-1,83%"
"08.04.2022","9,275","9,300","9,350","9,155","510,77K","0,43%"
"07.04.2022","9,235","9,335","9,380","9,220","847,07K","-0,11%"
"06.04.2022","9,245","9,580","9,625","9,225","959,07K","-2,79%"
"05.04.2022","9,510","9,620","9,670","9,440","2,72M","-1,30%"
"04.04.2022","9,635","9,600","9,730","9,445","855,12K","1,42%"
"01.04.2022","9,500","10,180","10,180","9,475","2,14M","-5,94%"
"31.03.2022","10,100","10,320","10,410","10,100","1,15M","-1,56%"
"30.03.2022","10,260","10,090","10,330","10,090","756,79K","0,29%"
"29.03.2022","10,230","10,010","10,330","10,010","751,63K","2,51%"
"28.03.2022","9,980","10,200","10,210","9,625","1,18M","-2,92%"
"25.03.2022","10,280","10,260","10,460","10,110","806,34K","2,95%"
"24.03.2022","9,985","9,820","10,030","9,800","387,49K","0,00%"
"23.03.2022","9,985","10,350","10,350","9,855","695,63K","-2,49%"
"22.03.2022","10,240","10,070","10,260","10,010","1,05M","1,89%"
"21.03.2022","10,050","10,160","10,200","10,000","732,84K","-1,18%"
"18.03.2022","10,170","10,000","10,170","9,795","598,62K","2,47%"
"17.03.2022","9,925","10,000","10,110","9,735","1,18M","-0,50%"
"16.03.2022","9,975","9,800","9,975","9,735","1,01M","3,64%"
"15.03.2022","9,625","9,470","9,795","9,450","799,17K","0,57%"
"14.03.2022","9,570","9,060","9,630","9,060","1,02M","5,86%"
"11.03.2022","9,040","8,985","9,275","8,860","844,99K","2,44%"
"10.03.2022","8,825","8,950","9,210","8,755","986,76K","-0,34%"
"09.03.2022","8,855","8,520","8,865","8,375","1,19M","7,86%"
"08.03.2022","8,210","8,270","8,645","8,190","1,96M","-2,26%"
"07.03.2022","8,400","8,570","8,710","8,390","1,18M","-4,71%"
"04.03.2022","8,815","9,375","9,450","8,815","864,19K","-7,31%"
"03.03.2022","9,510","9,900","10,090","9,460","1,07M","-3,94%"
"02.03.2022","9,900","10,080","10,170","9,820","1,34M","-1,79%"
"01.03.2022","10,080","10,450","10,460","10,000","1,36M","-1,95%"
"28.02.2022","10,280","9,710","10,890","9,630","2,38M","5,87%"
"25.02.2022","9,710","9,465","9,730","9,345","1,78M","3,41%"
"24.02.2022","9,390","8,385","9,390","8,150","3,60M","12,05%"
"23.02.2022","8,380","9,400","9,400","8,325","4,42M","-9,41%"
"22.02.2022","9,250","8,935","9,395","8,890","608,38K","-0,27%"
"21.02.2022","9,275","9,135","9,375","9,105","1,02M","2,32%"
"18.02.2022","9,065","9,010","9,155","8,900","482,67K","0,22%"
"17.02.2022","9,045","9,160","9,320","9,025","395,79K","-1,52%"
"16.02.2022","9,185","9,170","9,235","9,055","348,11K","1,32%"
"15.02.2022","9,065","8,855","9,105","8,800","462,86K","2,55%"
"14.02.2022","8,840","8,950","8,955","8,660","1,13M","-4,02%"
"11.02.2022","9,210","9,105","9,290","9,055","367,69K","0,16%"
"10.02.2022","9,195","9,210","9,285","9,115","444,77K","0,33%"
"09.02.2022","9,165","8,850","9,205","8,850","429,55K","4,09%"
"08.02.2022","8,805","8,920","8,930","8,700","574,65K","-1,51%"
"07.02.2022","8,940","9,100","9,100","8,915","426,24K","-1,05%"
"04.02.2022","9,035","9,130","9,130","8,955","357,37K","0,00%"
"03.02.2022","9,035","9,250","9,255","9,035","351,71K","-1,95%"
"02.02.2022","9,215","9,200","9,315","9,170","326,83K","0,55%"
"01.02.2022","9,165","9,065","9,165","8,985","1,27M","1,95%"
"31.01.2022","8,990","8,860","8,990","8,750","445,94K","1,64%"
"28.01.2022","8,845","8,890","8,920","8,680","441,66K","-0,51%"
"27.01.2022","8,890","8,790","9,005","8,765","467,13K","-0,67%"
"26.01.2022","8,950","8,700","9,035","8,695","512,43K","2,87%"
"25.01.2022","8,700","8,850","8,885","8,590","754,16K","-1,30%"
"24.01.2022","8,815","9,300","9,315","8,775","930,74K","-6,37%"
"21.01.2022","9,415","9,550","9,710","9,285","870,76K","-2,38%"
"20.01.2022","9,645","9,485","9,645","9,390","354,44K","2,01%"
"19.01.2022","9,455","9,350","9,545","9,290","614,65K","0,11%"
"18.01.2022","9,445","9,495","9,545","9,435","585,59K","-1,36%"
"17.01.2022","9,575","9,500","9,635","9,385","1,81M","1,97%"
"14.01.2022","9,390","9,420","9,430","9,290","507,25K","-1,21%"
"13.01.2022","9,505","9,450","9,605","9,385","457,97K","0,48%"
"12.01.2022","9,460","9,335","9,525","9,285","598,99K","2,16%"
"11.01.2022","9,260","9,240","9,420","9,240","500,07K","0,33%"
"10.01.2022","9,230","9,490","9,505","9,210","532,38K","-2,28%"
"07.01.2022","9,445","9,570","9,570","9,390","367,43K","-0,89%"
"06.01.2022","9,530","9,500","9,545","9,425","719,16K","-0,94%"
"05.01.2022","9,620","9,520","9,655","9,460","380,36K","0,84%"
"04.01.2022","9,540","9,630","9,760","9,520","698,06K","-1,09%"
"03.01.2022","9,645","9,500","9,700","9,500","463,91K","1,31%"
"30.12.2021","9,520","9,495","9,520","9,410","697,44K","-0,05%"
"29.12.2021","9,525","9,560","9,580","9,450","381,30K","0,42%"
"28.12.2021","9,485","9,450","9,595","9,445","329,56K","0,42%"
"27.12.2021","9,445","9,220","9,500","9,165","445,40K","1,61%"
"23.12.2021","9,295","9,485","9,510","9,280","477,32K","-1,59%"
"22.12.2021","9,445","9,235","9,460","9,220","683,77K","3,00%"
"21.12.2021","9,170","9,095","9,205","9,000","1,76M","1,72%"
"20.12.2021","9,015","8,920","9,080","8,855","765,48K","-0,55%"
"17.12.2021","9,065","9,150","9,275","9,025","2,13M","-1,47%"
"16.12.2021","9,200","9,580","9,590","9,155","1,27M","-1,55%"
"15.12.2021","9,345","10,400","10,400","9,290","2,91M","-11,51%"
"14.12.2021","10,560","10,530","10,690","10,480","573,75K","0,67%"
"13.12.2021","10,490","10,550","10,600","10,460","634,94K","0,58%"
"10.12.2021","10,430","10,440","10,510","10,380","549,82K","-0,48%"
"09.12.2021","10,480","10,560","10,560","10,450","400,97K","0,29%"
"08.12.2021","10,450","10,500","10,550","10,400","500,28K","-0,19%"
"07.12.2021","10,470","10,330","10,490","10,300","418,23K","2,35%"
"06.12.2021","10,230","10,190","10,330","10,080","516,61K","1,89%"
"03.12.2021","10,040","10,090","10,230","9,965","632,64K","-0,20%"
"02.12.2021","10,060","10,100","10,190","9,965","591,46K","-1,37%"
"01.12.2021","10,200","10,310","10,320","10,150","542,78K","-0,78%"
"30.11.2021","10,280","10,200","10,380","10,110","745,31K","0,10%"
"29.11.2021","10,270","10,210","10,400","10,180","581,80K","1,08%"
"26.11.2021","10,160","10,130","10,330","10,090","692,62K","-2,78%"
"25.11.2021","10,450","10,350","10,510","10,320","750,96K","1,16%"
"24.11.2021","10,330","10,280","10,340","10,140","556,08K","0,29%"
"23.11.2021","10,300","10,250","10,370","10,220","506,21K","-0,48%"
"22.11.2021","10,350","10,520","10,540","10,300","592,69K","-1,52%"
"19.11.2021","10,510","10,740","10,740","10,480","512,15K","-1,22%"
"18.11.2021","10,640","10,600","10,850","10,420","555,27K","-0,75%"
"17.11.2021","10,720","10,990","11,080","10,720","675,18K","-2,72%"
"16.11.2021","11,020","10,850","11,050","10,850","577,80K","1,01%"
"15.11.2021","10,910","10,970","10,970","10,680","599,07K","-0,37%"
"12.11.2021","10,950","11,100","11,100","10,930","646,50K","-1,26%"
"11.11.2021","11,090","10,950","11,090","10,940","623,68K","0,91%"
"10.11.2021","10,990","10,860","11,040","10,860","1,20M","0,64%"
"09.11.2021","10,920","10,720","10,950","10,720","736,70K","1,30%"
"08.11.2021","10,780","10,720","10,850","10,690","851,25K","0,00%"
"05.11.2021","10,780","10,670","10,900","10,640","1,01M","0,84%"
"04.11.2021","10,690","10,500","10,700","10,480","732,58K","2,00%"
"03.11.2021","10,480","10,340","10,480","10,290","511,54K","1,55%"
"02.11.2021","10,320","10,370","10,450","10,290","543,91K","-0,86%"
"01.11.2021","10,410","10,440","10,580","10,340","793,33K","-0,38%"
"29.10.2021","10,450","10,340","10,450","10,170","1,21M","0,67%"
"28.10.2021","10,380","9,750","10,440","9,655","3,81M","8,58%"
"27.10.2021","9,560","9,505","9,560","9,455","353,66K","-0,10%"
"26.10.2021","9,570","9,590","9,670","9,520","386,01K","-0,31%"
"25.10.2021","9,600","9,570","9,710","9,510","481,80K","0,84%"
"22.10.2021","9,520","9,500","9,560","9,410","306,98K","0,37%"
"21.10.2021","9,485","9,530","9,600","9,455","311,60K","-0,05%"
"20.10.2021","9,490","9,450","9,655","9,430","470,57K","-0,37%"
"19.10.2021","9,525","9,440","9,570","9,440","530,62K","1,22%"
"18.10.2021","9,410","9,500","9,500","9,380","256,85K","-0,63%"
"15.10.2021","9,470","9,430","9,520","9,415","397,34K","0,53%"
"14.10.2021","9,420","9,300","9,465","9,280","804,36K","2,06%"
"13.10.2021","9,230","8,770","9,275","8,765","822,71K","2,96%"
"12.10.2021","8,965","8,850","9,010","8,785","532,93K","0,39%"
"11.10.2021","8,930","9,020","9,040","8,845","689,22K","-1,65%"
"08.10.2021","9,080","8,920","9,170","8,915","757,11K","1,85%"
"07.10.2021","8,915","9,070","9,070","8,785","795,44K","0,22%"
"06.10.2021","8,895","9,100","9,190","8,890","762,22K","-3,37%"
"05.10.2021","9,205","9,020","9,205","9,005","426,06K","2,05%"
"04.10.2021","9,020","9,190","9,235","8,970","552,91K","-1,80%"
"01.10.2021","9,185","9,145","9,220","9,020","520,79K","-1,02%"
"30.09.2021","9,280","9,220","9,450","9,220","755,49K","1,37%"
"29.09.2021","9,155","9,195","9,235","9,030","578,43K","0,00%"
"28.09.2021","9,155","9,470","9,525","9,155","1,17M","-3,83%"
"27.09.2021","9,520","9,500","9,570","9,450","399,46K","0,74%"
"24.09.2021","9,450","9,500","9,500","9,330","337,17K","-0,26%"
"23.09.2021","9,475","9,210","9,500","9,210","726,55K","1,66%"
"22.09.2021","9,320","9,340","9,390","9,270","482,79K","1,03%"
"21.09.2021","9,225","9,260","9,375","9,175","403,94K","0,33%"
"20.09.2021","9,195","9,140","9,245","8,975","572,17K","-1,39%"
"17.09.2021","9,325","9,010","9,440","9,010","753,37K","3,04%"
"16.09.2021","9,050","8,915","9,075","8,895","368,43K","1,57%"
"15.09.2021","8,910","9,015","9,060","8,870","424,74K","-1,44%"
"14.09.2021","9,040","8,920","9,140","8,915","433,15K","0,61%"
"13.09.2021","8,985","8,945","9,045","8,855","327,12K","1,53%"
"10.09.2021","8,850","9,000","9,000","8,830","416,00K","-0,84%"
"09.09.2021","8,925","8,850","8,940","8,760","388,04K","0,00%"
"08.09.2021","8,925","9,030","9,030","8,825","511,91K","-1,54%"
"07.09.2021","9,065","9,110","9,120","8,975","425,60K","0,17%"
"06.09.2021","9,050","9,200","9,220","9,025","385,00K","-1,52%"
"03.09.2021","9,190","9,340","9,360","9,150","534,58K","-1,82%"
"02.09.2021","9,360","9,330","9,365","9,260","672,17K","0,11%"
"01.09.2021","9,350","9,200","9,350","9,180","900,56K","2,35%"
"31.08.2021","9,135","8,950","9,270","8,910","1,16M","2,99%"
"30.08.2021","8,870","8,845","8,885","8,750","330,90K","0,62%"
"27.08.2021","8,815","8,795","8,815","8,690","333,07K","0,34%"
"26.08.2021","8,785","8,750","8,820","8,720","275,43K","-0,45%"
"25.08.2021","8,825","8,865","8,910","8,780","429,22K","0,34%"
"24.08.2021","8,795","8,820","8,845","8,695","472,42K","0,06%"
"23.08.2021","8,790","8,790","8,835","8,740","420,30K","0,51%"
"20.08.2021","8,745","8,670","8,760","8,650","461,44K","-0,63%"
"19.08.2021","8,800","8,670","8,820","8,645","331,39K","-0,11%"
"18.08.2021","8,810","8,850","8,885","8,755","363,70K","-0,11%"
"17.08.2021","8,820","8,850","8,855","8,710","435,80K","-0,11%"
"16.08.2021","8,830","8,905","8,980","8,800","437,02K","-0,39%"
"13.08.2021","8,865","8,985","9,020","8,850","453,71K","-1,72%"
"12.08.2021","9,020","8,900","9,065","8,855","701,31K","1,69%"
"11.08.2021","8,870","8,915","8,945","8,800","794,41K","-0,62%"
"10.08.2021","8,925","8,945","9,025","8,885","522,58K","-0,28%"
"09.08.2021","8,950","8,890","8,965","8,790","471,54K","1,30%"
"06.08.2021","8,835","8,900","8,970","8,760","443,96K","0,57%"
"05.08.2021","8,785","8,650","8,785","8,590","432,88K","1,33%"
"04.08.2021","8,670","8,740","8,805","8,635","395,29K","0,17%"
"03.08.2021","8,655","8,920","8,950","8,640","653,19K","-2,86%"
"02.08.2021","8,910","8,870","8,960","8,740","678,66K","1,02%"
"30.07.2021","8,820","8,660","8,920","8,550","1,02M","0,28%"
"29.07.2021","8,795","8,950","8,955","8,655","1,17M","-2,39%"
"28.07.2021","9,010","8,300","9,090","8,265","4,75M","12,91%"
"27.07.2021","7,980","7,960","8,035","7,770","997,04K","-2,21%"
"26.07.2021","8,160","7,955","8,225","7,875","1,14M","2,19%"
"23.07.2021","7,985","7,950","8,265","7,950","1,06M","0,44%"
"22.07.2021","7,950","7,850","7,950","7,790","824,50K","2,45%"
"21.07.2021","7,760","7,550","7,885","7,490","1,31M","5,22%"
"20.07.2021","7,375","7,270","7,385","7,250","717,42K","1,65%"
"19.07.2021","7,255","7,390","7,470","7,185","587,08K","-2,75%"
"16.07.2021","7,460","7,500","7,580","7,400","403,72K","0,13%"
"15.07.2021","7,450","7,530","7,560","7,385","345,15K","-1,65%"
"14.07.2021","7,575","7,450","7,610","7,360","566,20K","0,53%"
"13.07.2021","7,535","7,710","7,710","7,510","361,15K","-1,82%"
"12.07.2021","7,675","7,695","7,700","7,585","345,70K","-0,13%"
"09.07.2021","7,685","7,620","7,685","7,510","431,33K","1,65%"
"08.07.2021","7,560","7,800","7,800","7,510","838,92K","-3,39%"
"07.07.2021","7,825","7,895","7,895","7,745","554,81K","-0,25%"
"06.07.2021","7,845","7,980","8,030","7,805","603,19K","-1,44%"
"05.07.2021","7,960","7,920","7,980","7,900","434,17K","0,63%"
"02.07.2021","7,910","7,800","7,965","7,785","800,15K","1,35%"
"01.07.2021","7,805","7,760","7,840","7,675","481,70K","1,43%"
"30.06.2021","7,695","7,670","7,765","7,560","554,41K","0,00%"
"29.06.2021","7,695","7,650","7,735","7,565","657,65K","0,85%"
"28.06.2021","7,630","7,745","7,750","7,620","841,76K","-1,42%"
"25.06.2021","7,740","7,700","7,810","7,635","924,24K","1,04%"
"24.06.2021","7,660","7,525","7,660","7,515","507,44K","1,32%"
"23.06.2021","7,560","7,600","7,645","7,505","416,72K","-0,53%"
"22.06.2021","7,600","7,550","7,600","7,490","747,87K","0,66%"
"21.06.2021","7,550","7,580","7,585","7,365","665,38K","-1,31%"
"18.06.2021","7,650","7,810","7,815","7,580","915,21K","-2,05%"
"17.06.2021","7,810","7,715","7,815","7,715","557,12K","0,90%"
"16.06.2021","7,740","7,840","7,840","7,600","667,25K","-0,90%"
"15.06.2021","7,810","7,810","7,845","7,770","666,86K","0,06%"
"14.06.2021","7,805","7,710","7,820","7,700","889,32K","1,96%"
"11.06.2021","7,655","7,525","7,705","7,490","1,12M","1,12%"
"10.06.2021","7,570","7,460","7,625","7,420","1,50M","1,68%"
"09.06.2021","7,445","7,120","7,480","7,120","2,22M","4,56%"
"08.06.2021","7,120","7,180","7,220","7,115","594,89K","-0,56%"
"07.06.2021","7,160","7,140","7,200","7,100","530,35K","0,21%"
"04.06.2021","7,145","7,165","7,200","7,075","653,69K","-0,14%"
"03.06.2021","7,155","7,210","7,225","7,125","621,81K","-0,97%"
"02.06.2021","7,225","7,240","7,260","7,155","643,94K","0,21%"
"01.06.2021","7,210","7,030","7,260","7,005","1,49M","2,85%"
"31.05.2021","7,010","7,150","7,205","7,000","1,02M","-1,96%"
"28.05.2021","7,150","7,220","7,280","7,140","1,54M","0,07%"
"27.05.2021","7,145","7,080","7,270","7,055","1,98M","1,49%"
"26.05.2021","7,040","7,125","7,175","7,005","1,82M","-0,71%"
"25.05.2021","7,090","7,205","7,230","7,050","2,16M","-1,05%"
"24.05.2021","7,165","7,530","7,580","7,110","3,92M","-4,72%"
"21.05.2021","7,520","8,180","8,190","7,410","2,47M","-7,96%"
"20.05.2021","8,170","8,100","8,170","8,015","337,13K","1,11%"
"19.05.2021","8,080","8,170","8,170","7,970","479,72K","-1,34%"
"18.05.2021","8,190","8,300","8,300","8,115","489,40K","0,00%"
"17.05.2021","8,190","8,250","8,295","8,125","741,28K","-0,06%"
"14.05.2021","8,195","8,135","8,195","8,075","569,59K","2,12%"
"13.05.2021","8,025","7,970","8,080","7,865","589,30K","-0,43%"
"12.05.2021","8,060","8,145","8,150","8,045","445,65K","-0,80%"
"11.05.2021","8,125","8,345","8,345","8,050","548,79K","-3,10%"
"10.05.2021","8,385","8,400","8,410","8,320","377,14K","0,30%"
"07.05.2021","8,360","8,330","8,415","8,310","457,58K","1,21%"
"06.05.2021","8,260","8,550","8,555","8,210","971,82K","-3,39%"
"05.05.2021","8,550","8,610","8,630","8,475","512,10K","0,77%"
"04.05.2021","8,485","8,745","8,750","8,485","812,87K","-3,25%"
"03.05.2021","8,770","8,650","8,835","8,585","810,83K","1,21%"
"30.04.2021","8,665","8,645","8,720","8,480","1,00M","-0,17%"
"29.04.2021","8,680","8,395","8,720","8,380","1,13M","3,52%"
"28.04.2021","8,385","8,000","8,510","8,000","2,86M","6,82%"
"27.04.2021","7,850","7,800","7,875","7,685","689,83K","0,71%"
"26.04.2021","7,795","7,670","7,795","7,585","725,27K","2,30%"
"23.04.2021","7,620","7,595","7,630","7,550","396,81K","0,00%"
"22.04.2021","7,620","7,690","7,720","7,565","499,93K","-0,39%"
"21.04.2021","7,650","7,510","7,655","7,510","628,35K","2,00%"
"20.04.2021","7,500","7,690","7,725","7,480","800,68K","-2,22%"
"19.04.2021","7,670","7,440","7,685","7,440","900,10K","3,51%"
"16.04.2021","7,410","7,480","7,570","7,410","383,16K","-1,07%"
"15.04.2021","7,490","7,545","7,545","7,455","447,12K","-0,27%"
"14.04.2021","7,510","7,360","7,525","7,300","593,63K","2,53%"
"13.04.2021","7,325","7,400","7,400","7,250","1,07M","-0,81%"
"12.04.2021","7,385","7,460","7,470","7,330","537,00K","-0,67%"
"09.04.2021","7,435","7,465","7,510","7,395","765,50K","-0,20%"
"08.04.2021","7,450","7,540","7,595","7,410","803,84K","-1,84%"
"07.04.2021","7,590","7,715","7,760","7,590","475,08K","-1,24%"
"06.04.2021","7,685","7,600","7,780","7,575","659,81K","2,47%"
"01.04.2021","7,500","7,510","7,545","7,420","764,80K","0,07%"
"31.03.2021","7,495","7,560","7,640","7,495","786,27K","-0,66%"
"30.03.2021","7,545","7,660","7,700","7,530","695,10K","-0,85%"
"29.03.2021","7,610","7,550","7,670","7,545","383,88K","0,79%"
"26.03.2021","7,550","7,635","7,635","7,530","436,75K","0,33%"
"25.03.2021","7,525","7,700","7,710","7,430","457,71K","-2,27%"
"24.03.2021","7,700","7,500","7,700","7,410","852,32K","2,33%"
"23.03.2021","7,525","7,685","7,685","7,500","608,37K","-2,08%"
"22.03.2021","7,685","7,720","7,725","7,555","546,68K","-0,58%"
"19.03.2021","7,730","7,890","7,970","7,730","908,18K","-2,58%"
"18.03.2021","7,935","7,995","8,020","7,880","477,65K","0,00%"
"17.03.2021","7,935","7,980","8,095","7,820","667,37K","-0,13%"
"16.03.2021","7,945","7,770","7,970","7,770","813,46K","2,52%"
"15.03.2021","7,750","7,715","7,800","7,700","640,99K","1,51%"
"12.03.2021","7,635","7,585","7,635","7,505","551,05K","0,66%"
"11.03.2021","7,585","7,705","7,775","7,560","447,77K","-1,37%"
"10.03.2021","7,690","7,750","7,900","7,625","771,63K","-0,32%"
"09.03.2021","7,715","7,570","7,790","7,565","754,93K","1,51%"
"08.03.2021","7,600","7,535","7,650","7,470","866,28K","1,74%"
"05.03.2021","7,470","7,545","7,555","7,390","533,33K","-1,19%"
"04.03.2021","7,560","7,470","7,650","7,460","518,64K","0,33%"
"03.03.2021","7,535","7,470","7,650","7,440","641,60K","1,28%"
"02.03.2021","7,440","7,585","7,680","7,440","578,78K","-1,91%"
"01.03.2021","7,585","7,475","7,585","7,315","629,66K","4,26%"
"26.02.2021","7,275","7,500","7,585","7,245","1,30M","-4,02%"
"25.02.2021","7,580","7,750","7,965","7,485","1,07M","-1,04%"
"24.02.2021","7,660","7,620","7,715","7,575","530,95K","1,59%"
"23.02.2021","7,540","7,550","7,645","7,460","649,99K","0,73%"
"22.02.2021","7,485","7,460","7,520","7,365","503,22K","-0,27%"
"19.02.2021","7,505","7,350","7,550","7,320","469,97K","2,53%"
"18.02.2021","7,320","7,430","7,550","7,305","484,89K","-2,07%"
"17.02.2021","7,475","7,710","7,710","7,450","572,47K","-2,48%"
"16.02.2021","7,665","7,650","7,750","7,585","631,57K","0,79%"
"15.02.2021","7,605","7,390","7,660","7,335","801,49K","4,54%"
"12.02.2021","7,275","7,295","7,345","7,155","612,48K","-0,14%"
"11.02.2021","7,285","7,390","7,500","7,270","352,09K","-1,42%"
"10.02.2021","7,390","7,425","7,430","7,315","428,54K","0,14%"
"09.02.2021","7,380","7,530","7,535","7,370","496,54K","-1,86%"
"08.02.2021","7,520","7,485","7,570","7,460","586,95K","1,08%"
"05.02.2021","7,440","7,520","7,585","7,440","547,90K","-0,27%"
"04.02.2021","7,460","7,500","7,515","7,390","450,91K","0,13%"
"03.02.2021","7,450","7,545","7,630","7,450","629,94K","0,27%"
"02.02.2021","7,430","7,445","7,545","7,410","569,94K","0,47%"
"01.02.2021","7,395","7,325","7,395","7,235","554,59K","1,72%"
"29.01.2021","7,270","7,145","7,330","7,125","647,04K","0,21%"
"28.01.2021","7,255","7,095","7,260","7,095","546,99K","0,83%"
"27.01.2021","7,195","7,125","7,405","7,075","1,26M","1,12%"
"26.01.2021","7,115","6,985","7,140","6,855","558,54K","1,79%"
"25.01.2021","6,990","7,325","7,325","6,940","1,06M","-4,18%"
"22.01.2021","7,295","7,310","7,310","7,195","788,59K","-0,75%"
"21.01.2021","7,350","7,270","7,440","7,250","877,65K","1,31%"
"20.01.2021","7,255","7,380","7,380","7,215","460,05K","-0,89%"
"19.01.2021","7,320","7,480","7,480","7,280","430,19K","-0,75%"
"18.01.2021","7,375","7,200","7,385","7,160","569,36K","2,43%"
"15.01.2021","7,200","7,455","7,465","7,040","1,05M","-3,74%"
"14.01.2021","7,480","7,520","7,550","7,400","884,02K","0,67%"
"13.01.2021","7,430","7,190","7,430","7,140","864,31K","3,34%"
"12.01.2021","7,190","7,150","7,200","7,090","553,96K","1,27%"
"11.01.2021","7,100","7,120","7,240","7,040","822,93K","0,57%"
"08.01.2021","7,060","6,980","7,075","6,965","683,60K","1,73%"
"07.01.2021","6,940","7,090","7,090","6,835","754,14K","-1,77%"
"06.01.2021","7,065","7,030","7,095","6,915","545,72K","1,44%"
"05.01.2021","6,965","6,800","6,965","6,785","482,91K","1,68%"
"04.01.2021","6,850","7,115","7,115","6,810","581,80K","-1,86%"
"31.12.2020","6,980","7,040","7,045","6,980","278,19K","-0,99%"
"30.12.2020","7,050","7,005","7,115","6,995","428,99K","0,57%"
"29.12.2020","7,010","7,065","7,125","7,000","453,37K","-0,14%"
"28.12.2020","7,020","6,990","7,085","6,955","346,04K","2,18%"
"24.12.2020","6,870","6,915","6,945","6,855","204,97K","-1,72%"
"23.12.2020","6,990","6,875","7,000","6,855","402,50K","1,67%"
"22.12.2020","6,875","6,700","6,875","6,680","502,75K","3,07%"
"21.12.2020","6,670","6,765","6,790","6,545","857,71K","-3,75%"
"18.12.2020","6,930","6,930","7,035","6,875","728,33K","-0,57%"
"17.12.2020","6,970","6,750","6,985","6,725","742,49K","4,19%"
"16.12.2020","6,690","6,745","6,745","6,635","598,35K","-0,07%"
"15.12.2020","6,695","6,730","6,750","6,595","607,95K","-0,81%"
"14.12.2020","6,750","6,925","6,930","6,750","566,42K","-0,59%"
"11.12.2020","6,790","6,930","6,960","6,780","559,51K","-2,65%"
"10.12.2020","6,975","7,105","7,105","6,910","571,22K","-1,76%"
"09.12.2020","7,100","7,105","7,265","7,075","1,66M","0,14%"
"08.12.2020","7,090","7,250","7,250","7,080","620,01K","-2,48%"
"07.12.2020","7,270","7,200","7,270","7,090","728,06K","1,54%"
"04.12.2020","7,160","6,890","7,185","6,870","970,75K","4,37%"
"03.12.2020","6,860","6,850","6,885","6,800","522,63K","0,29%"
"02.12.2020","6,840","6,860","6,875","6,785","637,01K","0,66%"
"01.12.2020","6,795","6,750","6,830","6,730","694,09K","1,42%"
"30.11.2020","6,700","6,850","6,890","6,700","700,87K","-2,19%"
"27.11.2020","6,850","6,865","6,865","6,770","483,39K","-0,29%"
"26.11.2020","6,870","6,940","6,940","6,790","644,49K","-0,36%"
"25.11.2020","6,895","6,950","6,955","6,730","795,29K","-0,22%"
"24.11.2020","6,910","6,800","6,910","6,745","786,65K","3,29%"
"23.11.2020","6,690","6,840","6,880","6,670","629,40K","-1,25%"
"20.11.2020","6,775","6,795","6,865","6,725","497,49K","-0,51%"
"19.11.2020","6,810","6,965","6,990","6,755","1,12M","-2,01%"
"18.11.2020","6,950","6,765","6,950","6,710","711,78K","2,66%"
"17.11.2020","6,770","6,815","6,850","6,645","572,59K","0,07%"
"16.11.2020","6,765","6,800","6,885","6,685","981,00K","0,97%"
"13.11.2020","6,700","6,595","6,775","6,555","667,20K","0,98%"
"12.11.2020","6,635","6,590","6,680","6,510","901,01K","0,53%"
"11.11.2020","6,600","6,435","6,640","6,360","1,15M","3,04%"
"10.11.2020","6,405","6,010","6,450","6,000","1,57M","5,87%"
"09.11.2020","6,050","5,670","6,070","5,665","1,50M","8,81%"
"06.11.2020","5,560","5,485","5,600","5,480","654,86K","1,09%"
"05.11.2020","5,500","5,495","5,560","5,450","903,44K","1,66%"
"04.11.2020","5,410","5,150","5,495","5,150","1,19M","2,85%"
"03.11.2020","5,260","5,165","5,280","5,165","955,46K","2,14%"
"02.11.2020","5,150","5,165","5,215","5,060","784,16K","0,00%"
"30.10.2020","5,150","5,050","5,300","5,030","1,08M","0,39%"
"29.10.2020","5,130","5,375","5,455","5,125","1,42M","-4,47%"
"28.10.2020","5,370","5,610","5,740","5,355","1,73M","-5,29%"
"27.10.2020","5,670","5,930","5,930","5,665","1,18M","-4,14%"
"26.10.2020","5,915","6,020","6,030","5,910","669,65K","-2,95%"
"23.10.2020","6,095","6,045","6,155","6,030","555,24K","0,16%"
"22.10.2020","6,085","6,105","6,155","6,040","921,20K","-0,81%"
"21.10.2020","6,135","6,150","6,195","6,095","544,01K","0,16%"
"20.10.2020","6,125","5,995","6,180","5,990","468,77K","1,16%"
"19.10.2020","6,055","6,000","6,115","6,000","522,87K","2,11%"
"16.10.2020","5,930","6,070","6,100","5,905","1,14M","-1,98%"
"15.10.2020","6,050","6,020","6,060","5,955","625,73K","-1,22%"
"14.10.2020","6,125","6,070","6,205","6,045","614,16K","0,99%"
"13.10.2020","6,065","6,190","6,190","6,055","537,41K","-1,78%"
"12.10.2020","6,175","6,300","6,315","6,170","504,83K","-1,20%"
"09.10.2020","6,250","6,140","6,325","6,135","768,75K","1,96%"
"08.10.2020","6,130","6,080","6,155","6,035","874,44K","2,17%"
"07.10.2020","6,000","6,080","6,120","5,985","700,65K","-1,32%"
"06.10.2020","6,080","5,945","6,140","5,945","709,91K","2,27%"
"05.10.2020","5,945","5,960","6,005","5,895","688,60K","0,93%"
"02.10.2020","5,890","5,950","5,950","5,835","1,00M","-2,00%"
"01.10.2020","6,010","6,115","6,125","5,990","772,00K","-1,07%"
"30.09.2020","6,075","6,040","6,125","5,990","650,31K","-0,41%"
"29.09.2020","6,100","6,305","6,305","6,100","547,99K","-3,25%"
"28.09.2020","6,305","6,150","6,350","6,100","823,20K","5,17%"
"25.09.2020","5,995","6,000","6,035","5,805","873,54K","0,17%"
"24.09.2020","5,985","5,970","6,035","5,890","719,91K","-1,16%"
"23.09.2020","6,055","6,245","6,290","6,035","864,55K","-1,38%"
"22.09.2020","6,140","6,395","6,410","6,140","851,76K","-3,00%"
"21.09.2020","6,330","6,600","6,625","6,250","797,01K","-4,95%"
"18.09.2020","6,660","6,750","6,750","6,650","845,01K","-0,75%"
"17.09.2020","6,710","6,750","6,795","6,585","595,28K","-1,76%"
"16.09.2020","6,830","6,900","6,935","6,805","623,57K","-0,94%"
"15.09.2020","6,895","6,760","6,915","6,760","603,53K","1,32%"
"14.09.2020","6,805","6,695","6,855","6,645","810,29K","2,18%"
"11.09.2020","6,660","6,585","6,725","6,520","935,29K","1,06%"
"10.09.2020","6,590","6,655","6,660","6,515","772,91K","-0,15%"
"09.09.2020","6,600","6,325","6,600","6,260","2,10M","4,60%"
"08.09.2020","6,310","6,365","6,370","6,230","791,54K","-0,63%"
"07.09.2020","6,350","6,325","6,385","6,265","778,28K","1,76%"
"04.09.2020","6,240","6,110","6,275","6,065","1,08M","2,21%"
"03.09.2020","6,105","6,150","6,345","6,090","1,15M","0,91%"
"02.09.2020","6,050","6,090","6,135","5,990","848,73K","-0,74%"
"01.09.2020","6,095","6,110","6,120","6,010","744,77K","0,08%"
"31.08.2020","6,090","6,245","6,280","6,050","965,18K","-1,62%"
"28.08.2020","6,190","6,200","6,205","6,095","873,78K","-0,08%"
"27.08.2020","6,195","6,300","6,300","6,160","545,44K","-1,51%"
"26.08.2020","6,290","6,290","6,305","6,200","668,58K","0,00%"
"25.08.2020","6,290","6,395","6,435","6,260","627,50K","-0,87%"
"24.08.2020","6,345","6,335","6,365","6,270","697,48K","1,60%"
"21.08.2020","6,245","6,325","6,325","6,165","649,17K","-0,64%"
"20.08.2020","6,285","6,250","6,335","6,210","543,08K","-1,02%"
"19.08.2020","6,350","6,375","6,375","6,290","474,23K","0,16%"
"18.08.2020","6,340","6,285","6,435","6,190","704,41K","-0,31%"
"17.08.2020","6,360","6,370","6,410","6,270","579,70K","-0,24%"
"14.08.2020","6,375","6,550","6,550","6,275","603,29K","-1,85%"
"13.08.2020","6,495","6,530","6,620","6,415","609,01K","-0,54%"
"12.08.2020","6,530","6,510","6,685","6,510","918,87K","0,38%"
"11.08.2020","6,505","6,230","6,530","6,230","1,03M","5,26%"
"10.08.2020","6,180","6,330","6,415","6,180","950,67K","-2,37%"
"07.08.2020","6,330","6,400","6,405","6,250","2,17M","-1,17%"
"06.08.2020","6,405","6,430","6,505","6,350","706,05K","-0,93%"
"05.08.2020","6,465","6,555","6,670","6,455","834,84K","-0,69%"
"04.08.2020","6,510","6,600","6,640","6,395","734,87K","-0,46%"
"03.08.2020","6,540","6,365","6,580","6,160","1,36M","2,67%"
"31.07.2020","6,370","6,350","6,570","6,350","1,38M","0,55%"
"30.07.2020","6,335","6,530","6,540","6,015","3,13M","-3,06%"
"29.07.2020","6,535","6,605","6,645","6,470","707,07K","-1,13%"
"28.07.2020","6,610","6,780","6,780","6,555","691,85K","-0,97%"
"27.07.2020","6,675","6,740","6,740","6,550","1,00M","-1,18%"
"24.07.2020","6,755","6,560","6,800","6,510","1,40M","1,35%"
"23.07.2020","6,665","6,790","6,805","6,465","1,59M","-1,19%"
"22.07.2020","6,745","7,000","7,025","6,585","1,92M","-3,51%"
"21.07.2020","6,990","6,990","7,235","6,955","1,34M","1,16%"
"20.07.2020","6,910","6,860","6,935","6,775","716,72K","0,36%"
"17.07.2020","6,885","6,950","6,955","6,855","691,13K","-1,22%"
"16.07.2020","6,970","7,075","7,180","6,965","1,13M","-2,99%"
"15.07.2020","7,185","6,960","7,235","6,930","1,91M","4,51%"
"14.07.2020","6,875","6,925","6,975","6,765","981,00K","-2,00%"
"13.07.2020","7,015","6,965","7,095","6,945","647,37K","1,96%"
"10.07.2020","6,880","6,900","6,920","6,745","1,01M","-0,58%"
"09.07.2020","6,920","7,135","7,175","6,910","603,22K","-2,12%"
"08.07.2020","7,070","7,100","7,175","7,060","1,55M","-1,81%"
"07.07.2020","7,200","7,235","7,245","7,085","1,67M","-0,96%"
"06.07.2020","7,270","7,180","7,345","7,110","1,05M","3,12%"
"03.07.2020","7,050","7,140","7,155","6,990","839,11K","-1,12%"
"02.07.2020","7,130","7,090","7,130","7,050","2,08M","1,86%"
"01.07.2020","7,000","7,070","7,120","6,905","1,24M","0,07%"
"30.06.2020","6,995","6,980","7,035","6,880","1,53M","0,36%"
"29.06.2020","6,970","7,045","7,145","6,920","825,43K","-1,06%"
"26.06.2020","7,045","7,080","7,185","6,990","1,48M","1,59%"
"25.06.2020","6,935","6,920","6,970","6,735","1,13M","-0,07%"
"24.06.2020","6,940","7,020","7,160","6,930","1,20M","-0,72%"
"23.06.2020","6,990","7,145","7,190","6,920","1,48M","-0,29%"
"22.06.2020","7,010","7,150","7,175","6,975","870,74K","-2,23%"
"19.06.2020","7,170","7,290","7,290","7,165","888,88K","-0,69%"
"18.06.2020","7,220","7,390","7,400","7,220","1,53M","-2,83%"
"17.06.2020","7,430","7,455","7,505","7,360","909,07K","0,00%"
"16.06.2020","7,430","7,400","7,695","7,365","759,29K","2,06%"
"15.06.2020","7,280","7,200","7,335","7,045","1,05M","-0,27%"
"12.06.2020","7,300","7,405","7,585","7,300","949,22K","-2,01%"
"11.06.2020","7,450","7,650","7,650","7,435","802,94K","-4,67%"
"10.06.2020","7,815","7,940","8,160","7,755","812,77K","-2,62%"
"09.06.2020","8,025","8,200","8,305","7,880","729,45K","-2,07%"
"08.06.2020","8,195","8,230","8,345","8,055","953,16K","0,61%"
"05.06.2020","8,145","7,975","8,190","7,920","1,06M","3,63%"
"04.06.2020","7,860","8,000","8,090","7,770","1,15M","-1,81%"
"03.06.2020","8,005","7,600","8,005","7,600","1,44M","6,24%"
"02.06.2020","7,535","7,190","7,560","7,175","1,13M","5,83%"
"01.06.2020","7,120","7,075","7,180","7,005","713,30K","2,45%"
"29.05.2020","6,950","7,105","7,135","6,950","995,77K","-3,27%"
"28.05.2020","7,185","7,270","7,375","7,055","666,70K","-0,76%"
"27.05.2020","7,240","7,280","7,360","7,085","949,93K","0,28%"
"26.05.2020","7,220","7,150","7,450","7,070","966,24K","2,70%"
"25.05.2020","7,030","6,965","7,180","6,950","941,56K","2,63%"
"22.05.2020","6,850","6,870","6,955","6,740","726,37K","0,81%"
"21.05.2020","6,795","6,860","7,040","6,735","827,94K","-0,95%"
"20.05.2020","6,860","6,950","6,950","6,555","951,59K","-1,08%"
"19.05.2020","6,935","7,200","7,270","6,865","1,12M","-2,60%"
"18.05.2020","7,120","7,000","7,190","6,945","571,86K","3,49%"
"15.05.2020","6,880","7,060","7,140","6,860","542,55K","-1,01%"
"14.05.2020","6,950","7,025","7,070","6,855","670,26K","-0,93%"
"13.05.2020","7,015","7,300","7,300","7,015","692,89K","-3,24%"
"12.05.2020","7,250","7,580","7,580","6,920","1,55M","-4,35%"
"11.05.2020","7,580","7,750","7,925","7,545","298,39K","-1,75%"
"08.05.2020","7,715","7,690","7,910","7,605","225,56K","1,31%"
"07.05.2020","7,615","7,530","7,695","7,435","280,36K","0,40%"
"06.05.2020","7,585","7,730","7,750","7,535","260,38K","-1,30%"
"05.05.2020","7,685","7,725","7,870","7,605","220,32K","-0,19%"
"04.05.2020","7,700","7,760","7,865","7,590","250,25K","-2,10%"
"30.04.2020","7,865","8,120","8,240","7,845","512,08K","-3,08%"
"29.04.2020","8,115","7,780","8,115","7,650","516,08K","7,06%"
"28.04.2020","7,580","7,620","7,660","7,525","326,09K","0,13%"
"27.04.2020","7,570","7,545","7,575","7,465","184,34K","2,30%"
"24.04.2020","7,400","7,540","7,575","7,390","266,43K","-2,37%"
"23.04.2020","7,580","7,430","7,625","7,350","306,87K","1,68%"
"22.04.2020","7,455","7,500","7,525","7,260","681,18K","-1,00%"
"21.04.2020","7,530","7,820","7,820","7,360","502,94K","-3,34%"
"20.04.2020","7,790","8,000","8,000","7,770","255,71K","-1,70%"
"17.04.2020","7,925","7,930","8,065","7,880","469,54K","3,53%"
"16.04.2020","7,655","7,910","7,915","7,590","387,50K","-0,78%"
"15.04.2020","7,715","8,130","8,160","7,700","574,73K","-5,40%"
"14.04.2020","8,155","8,600","8,600","8,155","613,48K","-1,69%"
"09.04.2020","8,295","8,275","8,460","8,115","483,45K","2,09%"
"08.04.2020","8,125","8,000","8,200","7,850","683,17K","3,44%"
"07.04.2020","7,855","7,200","8,000","7,070","1,53M","12,21%"
"06.04.2020","7,000","7,200","7,200","6,940","811,86K","2,04%"
"03.04.2020","6,860","7,280","7,280","6,860","753,20K","-3,79%"
"02.04.2020","7,130","7,300","7,385","7,120","590,27K","-1,79%"
"01.04.2020","7,260","7,255","7,470","7,170","498,75K","-3,20%"
"31.03.2020","7,500","7,560","7,790","7,430","385,42K","0,67%"
"30.03.2020","7,450","7,950","7,950","7,325","504,16K","-6,23%"
"27.03.2020","7,945","8,015","8,350","7,755","291,47K","-3,17%"
"26.03.2020","8,205","7,780","8,205","7,655","537,27K","4,26%"
"25.03.2020","7,870","7,675","7,870","7,265","584,24K","7,07%"
"24.03.2020","7,350","7,405","7,425","7,150","918,62K","4,18%"
"23.03.2020","7,055","7,420","7,445","7,005","827,74K","-7,41%"
"20.03.2020","7,620","8,630","8,690","7,450","601,25K","-6,50%"
"19.03.2020","8,150","7,420","8,150","7,115","628,36K","15,11%"
"18.03.2020","7,080","7,110","7,555","6,945","922,90K","-5,09%"
"17.03.2020","7,460","7,945","8,070","7,080","985,53K","0,54%"
"16.03.2020","7,420","7,400","7,535","6,815","1,35M","-5,18%"
"13.03.2020","7,825","7,540","8,540","7,445","1,12M","7,34%"
"12.03.2020","7,290","8,025","8,235","7,255","1,99M","-12,54%"
"11.03.2020","8,335","9,240","9,375","8,300","1,71M","-9,30%"
"10.03.2020","9,190","9,390","9,715","9,155","1,68M","-1,39%"
"09.03.2020","9,320","9,180","9,500","8,955","1,98M","-3,52%"
"06.03.2020","9,660","10,080","10,080","9,500","1,74M","-5,85%"
"05.03.2020","10,260","10,140","10,300","9,955","1,48M","1,89%"
"04.03.2020","10,070","10,220","10,300","9,960","997,86K","-1,08%"
"03.03.2020","10,180","9,980","10,480","9,950","1,13M","3,67%"
"02.03.2020","9,820","9,960","10,110","9,400","1,37M","-0,51%"
"28.02.2020","9,870","9,100","9,880","9,060","1,64M","5,00%"
"27.02.2020","9,400","9,650","9,650","9,170","961,14K","-2,99%"
"26.02.2020","9,690","9,580","9,760","9,360","1,24M","0,83%"
"25.02.2020","9,610","10,120","10,160","9,610","879,15K","-4,57%"
"24.02.2020","10,070","10,150","10,160","9,955","774,12K","-3,45%"
"21.02.2020","10,430","10,650","10,670","10,380","882,19K","-2,43%"
"20.02.2020","10,690","10,770","10,870","10,680","376,31K","-0,65%"
"19.02.2020","10,760","10,840","10,840","10,680","448,73K","0,19%"
"18.02.2020","10,740","10,860","10,860","10,730","447,40K","-2,01%"
"17.02.2020","10,960","10,990","11,010","10,860","268,85K","0,55%"
"14.02.2020","10,900","10,950","11,020","10,880","643,57K","-0,27%"
"13.02.2020","10,930","11,260","11,260","10,880","835,91K","-3,70%"
"12.02.2020","11,350","11,280","11,350","11,160","540,33K","0,80%"
"11.02.2020","11,260","11,030","11,260","10,950","595,29K","2,64%"
"10.02.2020","10,970","10,960","11,070","10,880","304,20K","-0,45%"
"07.02.2020","11,020","11,060","11,060","10,840","311,34K","-0,63%"
"06.02.2020","11,090","10,990","11,130","10,940","389,60K","1,46%"
"05.02.2020","10,930","10,750","11,110","10,730","666,81K","1,96%"
"04.02.2020","10,720","10,570","10,790","10,520","519,97K","2,68%"
"03.02.2020","10,440","10,400","10,450","10,280","530,71K","0,77%"
"31.01.2020","10,360","10,460","10,620","10,320","547,83K","-0,77%"
"30.01.2020","10,440","10,750","10,760","10,350","652,87K","-3,87%"
"29.01.2020","10,860","10,840","10,990","10,780","820,95K","-0,18%"
"28.01.2020","10,880","10,930","10,940","10,700","427,33K","-0,18%"
"27.01.2020","10,900","10,920","10,940","10,750","432,78K","-1,54%"
"24.01.2020","11,070","10,940","11,180","10,940","438,57K","1,75%"
"23.01.2020","10,880","11,000","11,050","10,830","566,47K","-1,45%"
"22.01.2020","11,040","11,220","11,220","11,020","721,04K","-1,78%"
"21.01.2020","11,240","11,080","11,260","10,960","631,65K","0,72%"
"20.01.2020","11,160","11,300","11,380","11,060","584,47K","-1,06%"
"17.01.2020","11,280","10,950","11,350","10,910","1,17M","3,68%"
"16.01.2020","10,880","10,840","10,920","10,730","1,14M","0,46%"
"15.01.2020","10,830","10,840","10,930","10,750","719,09K","0,09%"
"14.01.2020","10,820","10,700","10,870","10,600","1,11M","2,08%"
"13.01.2020","10,600","10,400","10,610","10,390","458,56K","2,12%"
"10.01.2020","10,380","10,350","10,420","10,200","390,06K","0,78%"
"09.01.2020","10,300","10,450","10,720","10,300","816,66K","-0,48%"
"08.01.2020","10,350","10,030","10,350","9,920","1,33M","2,17%"
"07.01.2020","10,130","10,150","10,270","10,090","416,40K","0,20%"
"06.01.2020","10,110","10,000","10,140","9,960","382,56K","0,40%"
"03.01.2020","10,070","10,170","10,170","9,960","392,82K","-1,47%"
"02.01.2020","10,220","10,280","10,310","10,060","421,72K","0,39%"