Date,Open,High,Low,Close,Volume
31.01.2025,"236,50","240,29","236,41","237,68","36,16M"
30.01.2025,"237,14","237,95","232,22","234,64","32,02M"
29.01.2025,"239,01","240,39","236,15","237,07","26,09M"
28.01.2025,"234,29","241,77","233,98","238,15","41,59M"
27.01.2025,"226,21","235,61","225,86","235,42","49,43M"
24.01.2025,"234,50","236,40","232,93","234,85","25,89M"
23.01.2025,"234,10","235,52","231,51","235,42","26,40M"
22.01.2025,"232,02","235,44","231,19","235,01","41,45M"
21.01.2025,"228,90","231,78","226,94","230,71","39,95M"
17.01.2025,"225,84","226,51","223,08","225,94","42,37M"
16.01.2025,"224,42","224,65","220,31","220,66","24,76M"
15.01.2025,"222,83","223,57","220,75","223,35","31,29M"
14.01.2025,"220,44","221,82","216,20","217,76","24,71M"
13.01.2025,"218,06","219,40","216,47","218,46","27,26M"
10.01.2025,"221,46","221,71","216,50","218,94","36,81M"
08.01.2025,"223,18","223,52","220,20","222,13","25,03M"
07.01.2025,"227,90","228,38","221,46","222,11","28,08M"
06.01.2025,"226,78","228,84","224,84","227,61","31,85M"
03.01.2025,"222,51","225,36","221,62","224,19","27,52M"
02.01.2025,"222,03","225,15","218,19","220,22","33,96M"
31.12.2024,"222,96","223,23","218,94","219,39","24,82M"
30.12.2024,"220,06","223,00","218,43","221,30","28,32M"
27.12.2024,"225,60","226,03","220,90","223,75","27,37M"
26.12.2024,"228,50","228,50","226,67","227,05","16,17M"
24.12.2024,"226,94","229,14","226,13","229,05","15,01M"
23.12.2024,"225,01","226,88","223,90","225,06","28,07M"
20.12.2024,"219,84","226,21","218,73","224,92","88,28M"
19.12.2024,"224,91","226,09","222,92","223,29","39,92M"
18.12.2024,"230,77","231,40","220,11","220,52","43,28M"
17.12.2024,"232,39","232,73","227,85","231,15","35,95M"
16.12.2024,"230,23","233,00","228,01","232,93","37,55M"
13.12.2024,"228,40","230,20","225,86","227,46","28,77M"
12.12.2024,"229,83","231,09","227,63","228,97","28,20M"
11.12.2024,"226,41","231,20","226,26","230,26","35,39M"
10.12.2024,"226,09","229,06","224,20","225,04","31,20M"
09.12.2024,"227,21","230,08","225,67","226,09","46,82M"
06.12.2024,"220,75","227,15","220,60","227,03","44,18M"
05.12.2024,"218,03","222,15","217,30","220,55","41,14M"
04.12.2024,"215,96","220,00","215,75","218,16","48,75M"
03.12.2024,"210,31","214,02","209,65","213,44","32,21M"
02.12.2024,"209,96","212,99","209,51","210,71","39,52M"
29.11.2024,"205,83","208,20","204,59","207,89","24,89M"
27.11.2024,"206,98","207,64","205,05","205,74","28,06M"
26.11.2024,"201,90","208,00","201,79","207,86","41,67M"
25.11.2024,"199,28","201,95","199,00","201,45","40,69M"
22.11.2024,"198,25","199,26","196,75","197,12","31,53M"
21.11.2024,"203,49","203,49","195,75","198,38","58,80M"
20.11.2024,"202,98","203,13","199,45","202,88","32,77M"
19.11.2024,"199,33","205,30","198,78","204,61","31,20M"
18.11.2024,"204,15","204,67","200,95","201,70","36,51M"
15.11.2024,"206,76","207,34","199,61","202,61","86,59M"
14.11.2024,"214,16","215,90","210,88","211,48","42,62M"
13.11.2024,"209,40","215,09","209,14","214,10","46,21M"
12.11.2024,"208,37","209,54","206,01","208,91","38,94M"
11.11.2024,"208,50","209,65","205,59","206,84","35,46M"
08.11.2024,"209,72","209,96","207,44","208,18","36,08M"
07.11.2024,"207,44","212,25","207,19","210,05","52,88M"
06.11.2024,"200,01","207,55","199,14","207,09","72,29M"
05.11.2024,"196,04","199,82","195,99","199,50","30,56M"
04.11.2024,"196,45","197,33","194,31","195,78","38,49M"
01.11.2024,"199,00","200,50","197,02","197,93","99,69M"
31.10.2024,"190,51","190,60","185,23","186,40","75,15M"
30.10.2024,"194,70","195,61","192,42","192,73","37,71M"
29.10.2024,"188,58","191,46","187,82","190,83","35,69M"
28.10.2024,"189,57","190,21","188,21","188,39","27,93M"
25.10.2024,"187,85","190,45","187,53","187,83","29,36M"
24.10.2024,"185,25","187,11","183,86","186,38","21,65M"
23.10.2024,"188,85","189,16","183,69","184,71","31,94M"
22.10.2024,"188,35","191,52","186,98","189,70","29,65M"
21.10.2024,"188,05","189,46","186,40","189,07","24,64M"
18.10.2024,"187,15","190,74","186,28","188,99","37,42M"
17.10.2024,"188,22","188,94","186,00","187,53","25,04M"
16.10.2024,"187,05","187,78","185,61","186,89","23,46M"
15.10.2024,"187,63","188,41","184,58","187,69","32,18M"
14.10.2024,"189,78","189,83","187,36","187,54","22,61M"
11.10.2024,"186,63","189,93","186,30","188,82","25,75M"
10.10.2024,"187,13","188,13","185,83","186,65","27,79M"
09.10.2024,"182,82","185,85","182,05","185,17","26,34M"
08.10.2024,"181,91","183,09","180,92","182,72","26,37M"
07.10.2024,"182,95","183,60","180,25","180,80","42,36M"
04.10.2024,"185,75","187,60","183,60","186,51","41,08M"
03.10.2024,"183,04","183,44","180,88","181,96","30,20M"
02.10.2024,"184,44","186,60","184,04","184,76","23,70M"
01.10.2024,"184,90","186,19","183,45","185,13","36,04M"
30.09.2024,"187,14","188,49","184,65","186,33","41,68M"
27.09.2024,"190,68","190,90","187,34","187,97","36,00M"
26.09.2024,"194,31","194,53","189,54","191,16","36,33M"
25.09.2024,"193,75","193,95","192,16","192,53","26,39M"
24.09.2024,"194,27","195,37","190,13","193,96","43,48M"
23.09.2024,"191,64","194,45","190,57","193,88","36,99M"
20.09.2024,"190,23","191,84","187,41","191,60","100,38M"
19.09.2024,"190,04","190,99","188,47","189,87","39,54M"
18.09.2024,"186,45","188,80","185,06","186,43","34,45M"
17.09.2024,"186,85","189,45","186,14","186,88","26,09M"
16.09.2024,"185,29","185,81","183,36","184,89","26,07M"
13.09.2024,"187,00","188,50","185,91","186,49","26,50M"
12.09.2024,"184,80","187,41","183,54","187,00","33,62M"
11.09.2024,"180,10","184,99","175,73","184,52","42,56M"
10.09.2024,"177,49","180,50","176,79","179,55","36,23M"
09.09.2024,"174,53","175,85","173,51","175,40","29,04M"
06.09.2024,"177,24","178,38","171,16","171,39","41,47M"
05.09.2024,"175,00","179,88","174,99","177,89","40,17M"
04.09.2024,"174,48","175,98","172,54","173,33","30,31M"
03.09.2024,"177,55","178,26","175,26","176,25","37,82M"
30.08.2024,"172,78","178,90","172,60","178,50","43,43M"
29.08.2024,"173,22","174,29","170,81","172,12","26,41M"
28.08.2024,"173,69","173,69","168,92","170,80","29,05M"
27.08.2024,"174,15","174,89","172,25","173,12","29,84M"
26.08.2024,"176,70","177,47","174,30","175,50","22,37M"
23.08.2024,"177,34","178,97","175,24","177,04","29,15M"
22.08.2024,"181,38","181,47","175,68","176,13","32,05M"
21.08.2024,"179,92","182,38","178,89","180,11","35,60M"
20.08.2024,"177,92","179,01","177,43","178,88","26,26M"
19.08.2024,"177,64","178,30","176,16","178,22","31,13M"
16.08.2024,"177,04","178,34","176,26","177,06","31,49M"
15.08.2024,"174,86","177,91","173,99","177,59","51,70M"
14.08.2024,"172,11","172,28","168,86","170,10","28,84M"
13.08.2024,"167,81","171,04","167,10","170,23","39,24M"
12.08.2024,"168,14","168,55","166,11","166,80","30,07M"
09.08.2024,"166,40","168,55","165,85","166,94","36,40M"
08.08.2024,"165,16","166,69","162,55","165,80","44,62M"
07.08.2024,"166,55","167,58","161,43","162,77","48,41M"
06.08.2024,"161,71","165,08","158,54","161,93","59,95M"
05.08.2024,"154,21","162,96","151,61","161,02","83,15M"
02.08.2024,"166,75","168,77","160,55","167,90","141,45M"
01.08.2024,"189,29","190,60","181,87","184,07","70,44M"
31.07.2024,"185,05","187,94","184,46","186,98","41,67M"
30.07.2024,"184,72","185,86","179,38","181,71","39,51M"
29.07.2024,"183,84","184,75","182,38","183,20","33,27M"
26.07.2024,"180,39","183,19","180,24","182,50","29,51M"
25.07.2024,"182,91","183,90","176,80","179,85","44,46M"
24.07.2024,"183,20","185,45","180,41","180,83","41,53M"
23.07.2024,"184,10","189,39","183,56","186,41","47,54M"
22.07.2024,"185,00","185,06","182,48","182,55","39,93M"
19.07.2024,"181,14","184,93","180,11","183,13","43,08M"
18.07.2024,"189,59","189,68","181,45","183,75","51,04M"
17.07.2024,"191,35","191,58","185,99","187,93","48,08M"
16.07.2024,"195,59","196,62","192,24","193,02","33,99M"
15.07.2024,"194,56","196,19","190,83","192,72","40,68M"
12.07.2024,"194,80","196,47","193,83","194,49","30,60M"
11.07.2024,"200,09","200,27","192,86","195,05","44,57M"
10.07.2024,"199,99","200,11","197,69","199,79","32,88M"
09.07.2024,"199,40","200,57","199,04","199,34","32,76M"
08.07.2024,"200,04","201,20","197,96","199,29","34,77M"
05.07.2024,"198,65","200,55","198,17","200,00","39,86M"
03.07.2024,"199,94","200,03","196,76","197,59","31,60M"
02.07.2024,"197,28","200,43","195,93","200,00","45,60M"
01.07.2024,"193,49","198,30","192,82","197,20","41,19M"
28.06.2024,"197,73","198,85","192,50","193,25","76,93M"
27.06.2024,"195,01","199,84","194,20","197,85","74,40M"
26.06.2024,"186,92","194,80","186,26","193,61","65,10M"
25.06.2024,"186,81","188,84","185,42","186,34","45,90M"
24.06.2024,"189,33","191,00","185,33","185,57","50,61M"
21.06.2024,"187,80","189,27","185,86","189,08","72,93M"
20.06.2024,"182,91","186,51","182,72","186,10","44,73M"
18.06.2024,"183,74","184,29","181,43","182,81","36,66M"
17.06.2024,"182,52","185,00","181,22","184,06","35,60M"
14.06.2024,"183,08","183,72","182,23","183,66","25,46M"
13.06.2024,"186,09","187,67","182,67","183,83","39,72M"
12.06.2024,"188,01","188,35","185,43","186,89","33,98M"
11.06.2024,"187,06","187,77","184,54","187,23","27,27M"
10.06.2024,"184,07","187,23","183,79","187,06","34,49M"
07.06.2024,"184,90","186,29","183,36","184,30","28,02M"
06.06.2024,"181,74","185,00","181,49","185,00","31,37M"
05.06.2024,"180,10","181,50","178,75","181,28","32,12M"
04.06.2024,"177,64","179,82","176,44","179,34","27,20M"
03.06.2024,"177,70","178,70","175,92","178,34","30,79M"
31.05.2024,"178,30","179,21","173,87","176,44","58,90M"
30.05.2024,"181,31","181,34","178,35","179,32","29,25M"
29.05.2024,"181,70","184,08","181,55","182,02","32,01M"
28.05.2024,"179,93","182,24","179,49","182,15","29,93M"
24.05.2024,"181,65","182,43","180,30","180,75","27,47M"
23.05.2024,"183,66","184,76","180,08","181,05","33,67M"
22.05.2024,"183,88","185,22","181,97","183,13","28,15M"
21.05.2024,"182,30","183,26","180,75","183,15","50,84M"
20.05.2024,"184,34","186,66","183,28","183,54","30,51M"
17.05.2024,"183,76","185,30","183,35","184,70","33,18M"
16.05.2024,"185,60","187,31","183,46","183,63","38,83M"
15.05.2024,"185,97","186,72","182,73","185,99","75,46M"
14.05.2024,"183,82","187,72","183,45","187,07","38,70M"
13.05.2024,"188,00","188,31","185,36","186,57","24,90M"
10.05.2024,"189,16","189,89","186,93","187,48","34,14M"
09.05.2024,"188,88","191,70","187,44","189,50","43,37M"
08.05.2024,"187,44","188,43","186,38","188,00","26,14M"
07.05.2024,"188,92","189,94","187,30","188,76","34,05M"
06.05.2024,"186,28","188,74","184,80","188,70","34,73M"
03.05.2024,"186,99","187,87","185,42","186,21","39,17M"
02.05.2024,"180,85","185,10","179,91","184,72","54,30M"
01.05.2024,"181,63","185,15","176,56","179,00","94,65M"
30.04.2024,"181,09","182,99","174,80","175,00","94,64M"
29.04.2024,"182,75","183,53","179,39","180,96","54,06M"
26.04.2024,"177,79","180,82","176,13","179,62","43,92M"
25.04.2024,"169,68","173,92","166,32","173,67","49,25M"
24.04.2024,"179,94","180,32","176,18","176,59","34,19M"
23.04.2024,"178,08","179,93","175,98","179,54","37,05M"
22.04.2024,"176,94","178,87","174,56","177,23","37,92M"
19.04.2024,"178,74","179,00","173,44","174,63","56,00M"
18.04.2024,"181,47","182,39","178,65","179,22","30,72M"
17.04.2024,"184,31","184,57","179,82","181,28","31,36M"
16.04.2024,"183,27","184,83","182,26","183,32","32,89M"
15.04.2024,"187,43","188,69","183,00","183,62","48,05M"
12.04.2024,"187,72","188,38","185,08","186,13","38,61M"
11.04.2024,"186,74","189,77","185,51","189,05","40,02M"
10.04.2024,"182,76","186,27","182,67","185,95","35,88M"
09.04.2024,"187,24","187,34","184,20","185,67","36,55M"
08.04.2024,"186,90","187,29","184,81","185,19","39,22M"
05.04.2024,"182,38","186,27","181,97","185,07","42,37M"
04.04.2024,"184,00","185,10","180,00","180,00","41,62M"
03.04.2024,"179,90","182,87","179,80","182,41","31,05M"
02.04.2024,"179,07","180,79","178,38","180,69","32,61M"
01.04.2024,"180,79","183,00","179,95","180,97","29,17M"
28.03.2024,"180,17","181,70","179,26","180,38","38,05M"
27.03.2024,"179,88","180,00","177,31","179,83","33,27M"
26.03.2024,"180,15","180,45","177,95","178,30","29,66M"
25.03.2024,"178,01","180,99","177,24","179,71","29,82M"
22.03.2024,"177,75","179,26","176,75","178,87","28,00M"
21.03.2024,"179,99","181,41","178,15","178,15","32,82M"
20.03.2024,"176,14","178,53","174,64","178,15","29,95M"
19.03.2024,"174,21","176,09","173,52","175,90","26,88M"
18.03.2024,"175,80","176,69","174,28","174,48","31,25M"
15.03.2024,"176,64","177,93","173,90","174,42","72,15M"
14.03.2024,"177,69","179,53","176,46","178,75","43,71M"
13.03.2024,"175,90","177,62","175,55","176,55","30,77M"
12.03.2024,"173,50","176,76","171,98","175,39","36,61M"
11.03.2024,"174,31","174,47","171,47","171,96","28,48M"
08.03.2024,"176,44","178,79","174,33","175,35","37,89M"
07.03.2024,"174,83","177,99","173,72","176,82","34,06M"
06.03.2024,"175,54","176,46","173,26","173,51","32,09M"
05.03.2024,"176,93","176,93","173,30","174,12","37,23M"
04.03.2024,"177,53","180,14","177,49","177,58","37,38M"
01.03.2024,"176,75","178,73","176,07","178,22","31,98M"
29.02.2024,"173,01","177,22","172,85","176,76","53,81M"
28.02.2024,"172,44","174,05","172,27","173,16","28,18M"
27.02.2024,"174,07","174,62","172,86","173,54","31,14M"
26.02.2024,"175,70","176,37","174,26","174,73","44,37M"
23.02.2024,"174,28","175,75","173,70","174,99","59,72M"
22.02.2024,"173,10","174,80","171,77","174,58","55,39M"
21.02.2024,"168,94","170,23","167,14","168,59","44,58M"
20.02.2024,"167,83","168,71","165,74","167,08","41,98M"
16.02.2024,"168,74","170,42","167,17","169,51","48,11M"
15.02.2024,"170,58","171,17","167,59","169,80","49,86M"
14.02.2024,"169,21","171,21","168,28","170,98","42,82M"
13.02.2024,"167,73","170,95","165,75","168,64","56,35M"
12.02.2024,"174,80","175,39","171,54","172,34","51,05M"
09.02.2024,"170,90","175,00","170,58","174,45","56,99M"
08.02.2024,"169,65","171,43","168,88","169,84","42,32M"
07.02.2024,"169,48","170,88","168,94","170,53","47,17M"
06.02.2024,"169,39","170,71","167,65","169,15","42,51M"
05.02.2024,"170,20","170,55","167,70","170,31","55,08M"
02.02.2024,"169,19","172,50","167,33","171,81","117,22M"
01.02.2024,"155,87","159,76","155,62","159,28","76,54M"
31.01.2024,"157,00","159,01","154,81","155,20","50,28M"
30.01.2024,"160,70","161,73","158,49","159,00","45,21M"
29.01.2024,"159,34","161,29","158,90","161,26","45,27M"
26.01.2024,"158,42","160,72","157,91","159,12","51,05M"
25.01.2024,"156,95","158,51","154,55","157,75","43,64M"
24.01.2024,"157,80","158,51","156,48","156,87","48,55M"
23.01.2024,"154,85","156,21","153,93","156,02","37,99M"
22.01.2024,"156,89","157,05","153,90","154,78","43,69M"
19.01.2024,"153,83","155,76","152,74","155,34","51,65M"
18.01.2024,"152,77","153,77","151,82","153,50","37,85M"
17.01.2024,"151,49","152,15","149,91","151,71","34,95M"
16.01.2024,"153,53","154,99","152,15","153,16","41,38M"
12.01.2024,"155,39","156,20","154,01","154,62","40,48M"
11.01.2024,"155,04","157,17","153,12","155,18","49,07M"
10.01.2024,"152,06","154,42","151,88","153,73","44,42M"
09.01.2024,"148,33","151,71","148,21","151,37","43,81M"
08.01.2024,"146,74","149,40","146,15","149,10","46,76M"
05.01.2024,"144,69","146,59","144,53","145,24","45,15M"
04.01.2024,"145,59","147,38","144,05","144,57","56,04M"
03.01.2024,"149,20","151,05","148,33","148,47","49,43M"
02.01.2024,"151,54","152,38","148,39","149,93","47,34M"
29.12.2023,"153,10","153,89","151,03","151,94","39,82M"
28.12.2023,"153,72","154,08","152,95","153,38","27,06M"
27.12.2023,"153,56","154,78","153,12","153,34","31,43M"
26.12.2023,"153,56","153,98","153,03","153,41","25,07M"
22.12.2023,"153,77","154,35","152,71","153,42","29,51M"
21.12.2023,"153,30","153,97","152,10","153,84","36,31M"
20.12.2023,"152,90","155,63","151,56","152,12","50,32M"
19.12.2023,"154,40","155,12","152,69","153,79","43,17M"
18.12.2023,"150,56","154,85","150,05","154,07","62,51M"
15.12.2023,"148,38","150,57","147,88","149,97","110,09M"
14.12.2023,"149,93","150,54","145,52","147,42","58,40M"
13.12.2023,"148,12","149,46","146,82","148,84","52,77M"
12.12.2023,"145,52","147,50","145,30","147,48","44,94M"
11.12.2023,"145,66","146,19","143,64","145,89","50,91M"
08.12.2023,"145,48","147,84","145,40","147,42","41,91M"
07.12.2023,"146,15","147,92","145,34","146,88","52,35M"
06.12.2023,"147,58","147,85","144,28","144,52","39,68M"
05.12.2023,"143,55","148,57","143,13","146,88","46,82M"
04.12.2023,"145,25","145,35","142,81","144,84","48,29M"
01.12.2023,"146,00","147,24","145,55","147,03","39,95M"
30.11.2023,"144,76","146,93","144,33","146,09","65,81M"
29.11.2023,"147,85","148,54","145,97","146,32","40,61M"
28.11.2023,"146,98","147,60","145,53","147,03","42,71M"
27.11.2023,"147,53","149,26","146,88","147,73","53,76M"
24.11.2023,"146,70","147,20","145,32","146,74","22,38M"
22.11.2023,"144,57","147,74","144,57","146,71","45,70M"
21.11.2023,"143,91","144,05","141,50","143,90","71,23M"
20.11.2023,"145,13","146,63","144,73","146,13","41,98M"
17.11.2023,"142,66","145,23","142,54","145,18","49,68M"
16.11.2023,"140,91","143,32","139,52","142,83","49,65M"
15.11.2023,"147,06","147,29","142,59","143,20","63,88M"
14.11.2023,"145,00","147,26","144,68","145,80","56,67M"
13.11.2023,"142,08","143,23","140,67","142,59","35,68M"
10.11.2023,"140,46","143,65","139,91","143,56","49,35M"
09.11.2023,"142,02","142,65","139,84","140,60","36,24M"
08.11.2023,"142,97","143,12","141,22","142,08","44,52M"
07.11.2023,"140,55","143,37","140,50","142,71","53,55M"
06.11.2023,"138,76","140,73","138,36","139,74","44,97M"
03.11.2023,"138,99","139,49","137,45","138,60","44,06M"
02.11.2023,"138,73","138,81","136,47","138,07","52,24M"
01.11.2023,"133,96","137,35","133,71","137,00","61,53M"
31.10.2023,"132,75","133,57","131,71","133,09","51,59M"
30.10.2023,"129,72","133,00","128,56","132,71","72,49M"
27.10.2023,"126,20","130,02","125,52","127,74","125,31M"
26.10.2023,"120,63","121,64","118,35","119,57","100,42M"
25.10.2023,"126,04","126,34","120,79","121,39","74,58M"
24.10.2023,"127,74","128,80","126,34","128,56","46,48M"
23.10.2023,"124,63","127,88","123,98","126,56","48,26M"
20.10.2023,"128,05","128,17","124,97","125,17","56,41M"
19.10.2023,"130,57","132,24","127,47","128,40","60,96M"
18.10.2023,"129,90","130,67","127,51","128,13","42,70M"
17.10.2023,"130,39","132,58","128,71","131,47","49,34M"
16.10.2023,"130,69","133,07","130,43","132,55","42,83M"
13.10.2023,"132,98","133,31","128,95","129,79","45,82M"
12.10.2023,"132,17","134,48","131,23","132,33","55,53M"
11.10.2023,"129,74","132,05","129,61","131,83","40,74M"
10.10.2023,"128,82","130,74","128,05","129,48","42,18M"
09.10.2023,"126,22","128,79","124,76","128,26","38,77M"
06.10.2023,"124,16","128,45","124,13","127,96","46,84M"
05.10.2023,"126,71","126,73","124,33","125,96","39,66M"
04.10.2023,"126,06","127,36","125,68","127,00","44,20M"
03.10.2023,"128,06","128,52","124,25","124,72","51,57M"
02.10.2023,"127,28","130,47","126,54","129,46","48,03M"
29.09.2023,"128,20","129,15","126,32","127,12","62,41M"
28.09.2023,"124,04","126,58","123,04","125,98","54,56M"
27.09.2023,"125,76","127,48","124,13","125,98","66,55M"
26.09.2023,"130,12","130,39","125,28","125,98","73,05M"
25.09.2023,"129,36","131,78","128,77","131,27","46,02M"
22.09.2023,"131,11","132,03","128,52","129,12","59,90M"
21.09.2023,"131,94","132,24","129,31","129,33","70,34M"
20.09.2023,"138,55","139,37","135,20","135,29","46,26M"
19.09.2023,"138,70","138,84","135,56","137,63","61,48M"
18.09.2023,"140,48","141,75","139,22","139,98","42,82M"
15.09.2023,"142,69","143,57","140,09","140,39","102,91M"
14.09.2023,"145,08","145,86","142,95","144,72","64,03M"
13.09.2023,"140,95","144,98","140,87","144,85","60,47M"
12.09.2023,"142,32","143,00","140,61","141,23","42,67M"
11.09.2023,"138,75","143,62","138,64","143,10","56,76M"
08.09.2023,"136,86","138,85","136,75","138,23","38,37M"
07.09.2023,"133,90","138,03","133,16","137,85","48,50M"
06.09.2023,"136,32","137,45","134,61","135,36","41,79M"
05.09.2023,"137,73","137,80","135,82","137,27","40,64M"
01.09.2023,"139,46","139,96","136,88","138,12","40,99M"
31.08.2023,"135,06","138,79","135,00","138,01","58,78M"
30.08.2023,"134,93","135,68","133,92","135,07","36,14M"
29.08.2023,"133,38","135,14","133,25","134,91","38,65M"
28.08.2023,"133,78","133,95","131,85","133,14","34,11M"
25.08.2023,"132,47","133,87","130,58","133,26","44,15M"
24.08.2023,"136,40","136,77","131,83","131,84","43,65M"
23.08.2023,"134,50","135,95","133,22","135,52","42,80M"
22.08.2023,"135,08","135,65","133,73","134,25","32,94M"
21.08.2023,"133,74","135,18","132,71","134,68","41,44M"
18.08.2023,"131,62","134,07","131,15","133,22","48,50M"
17.08.2023,"135,46","136,09","133,53","133,98","48,35M"
16.08.2023,"137,19","137,27","135,01","135,07","41,68M"
15.08.2023,"140,05","141,28","137,23","137,67","42,78M"
14.08.2023,"138,30","140,59","137,75","140,57","47,15M"
11.08.2023,"137,40","139,33","137,00","138,41","42,91M"
10.08.2023,"139,07","140,41","137,49","138,56","58,93M"
09.08.2023,"139,97","140,32","137,10","137,85","50,02M"
08.08.2023,"140,62","140,84","138,42","139,94","51,71M"
07.08.2023,"140,99","142,54","138,95","142,22","71,21M"
04.08.2023,"141,06","143,63","139,32","139,57","153,13M"
03.08.2023,"127,48","129,84","126,41","128,91","91,16M"
02.08.2023,"130,15","130,23","126,82","128,21","51,03M"
01.08.2023,"133,55","133,69","131,62","131,69","42,30M"
31.07.2023,"133,20","133,87","132,38","133,68","41,90M"
28.07.2023,"129,69","133,01","129,33","132,21","46,32M"
27.07.2023,"131,00","132,63","127,79","128,25","52,61M"
26.07.2023,"126,51","129,08","126,11","128,15","53,91M"
25.07.2023,"129,31","129,58","128,53","129,13","39,24M"
24.07.2023,"130,30","131,66","128,35","128,80","45,67M"
21.07.2023,"131,34","131,37","128,41","130,00","133,31M"
20.07.2023,"134,07","134,79","129,33","129,96","59,82M"
19.07.2023,"133,39","135,99","132,53","135,36","54,53M"
18.07.2023,"132,71","133,86","131,35","132,83","54,97M"
17.07.2023,"134,56","135,62","133,21","133,56","48,45M"
14.07.2023,"134,06","136,65","134,06","134,68","54,49M"
13.07.2023,"134,04","134,67","132,71","134,30","61,17M"
12.07.2023,"130,31","131,26","128,83","130,80","54,02M"
11.07.2023,"127,75","129,77","127,35","128,78","49,95M"
10.07.2023,"129,07","129,28","125,92","127,13","61,89M"
07.07.2023,"128,59","130,97","128,13","129,78","41,99M"
06.07.2023,"128,25","128,73","127,37","128,36","40,70M"
05.07.2023,"130,24","131,40","129,64","130,38","35,90M"
03.07.2023,"130,82","131,85","130,07","130,22","28,26M"
30.06.2023,"129,47","131,24","128,95","130,36","54,35M"
29.06.2023,"128,77","129,26","127,25","127,90","40,76M"
28.06.2023,"128,94","131,48","128,44","129,04","52,15M"
27.06.2023,"128,63","130,09","127,55","129,18","46,80M"
26.06.2023,"129,33","131,49","127,10","127,33","59,99M"
23.06.2023,"129,11","130,84","128,28","129,33","71,93M"
22.06.2023,"125,31","130,33","125,14","130,15","90,35M"
21.06.2023,"125,64","126,73","123,85","124,83","52,14M"
20.06.2023,"124,97","127,25","124,50","125,78","56,93M"
16.06.2023,"127,71","127,90","125,30","125,49","84,25M"
15.06.2023,"125,21","127,69","124,32","127,11","60,46M"
14.06.2023,"126,70","126,95","124,12","126,42","52,42M"
13.06.2023,"128,12","128,41","125,18","126,66","50,56M"
12.06.2023,"124,02","126,78","123,53","126,57","51,47M"
09.06.2023,"124,08","125,80","123,19","123,43","51,40M"
08.06.2023,"123,01","125,63","122,26","124,25","62,16M"
07.06.2023,"127,01","127,36","120,63","121,23","95,66M"
06.06.2023,"125,07","127,40","125,00","126,61","45,70M"
05.06.2023,"123,36","125,80","123,03","125,30","47,95M"
02.06.2023,"124,92","126,39","124,01","124,25","61,26M"
01.06.2023,"120,69","123,49","119,93","122,77","54,38M"
31.05.2023,"121,45","122,04","119,17","120,58","72,80M"
30.05.2023,"122,37","122,92","119,86","121,66","64,31M"
26.05.2023,"116,04","121,50","116,02","120,11","96,78M"
25.05.2023,"116,63","116,87","114,31","115,00","66,50M"
24.05.2023,"115,35","117,34","115,02","116,75","63,49M"
23.05.2023,"114,27","117,14","113,78","114,99","67,58M"
22.05.2023,"116,77","116,77","114,25","115,01","70,74M"
19.05.2023,"118,16","118,31","115,70","116,25","55,06M"
18.05.2023,"116,69","118,60","116,33","118,15","73,17M"
17.05.2023,"114,89","115,83","114,22","115,50","65,66M"
16.05.2023,"111,05","114,79","111,05","113,40","71,47M"
15.05.2023,"111,15","112,29","109,25","111,20","53,01M"
12.05.2023,"112,16","112,64","109,32","110,26","49,85M"
11.05.2023,"111,03","113,28","110,49","112,18","74,92M"
10.05.2023,"108,10","110,67","108,05","110,19","78,63M"
09.05.2023,"105,48","106,79","105,16","106,62","44,09M"
08.05.2023,"105,04","106,10","104,70","105,83","49,43M"
05.05.2023,"104,27","105,76","103,55","105,65","56,95M"
04.05.2023,"104,04","105,39","103,31","104,00","45,35M"
03.05.2023,"103,74","105,96","103,28","103,65","65,05M"
02.05.2023,"101,47","103,90","101,15","103,63","73,47M"
01.05.2023,"104,95","105,23","101,82","102,05","74,73M"
28.04.2023,"107,73","109,48","104,33","105,45","130,72M"
27.04.2023,"108,16","110,86","106,80","109,82","149,96M"
26.04.2023,"105,04","106,62","104,10","104,98","73,80M"
25.04.2023,"104,91","105,45","102,45","102,57","65,03M"
24.04.2023,"107,65","109,23","105,07","106,21","69,58M"
21.04.2023,"106,10","108,15","105,08","106,96","86,77M"
20.04.2023,"103,53","105,25","103,21","103,81","57,70M"
19.04.2023,"101,58","105,12","101,39","104,30","58,40M"
18.04.2023,"103,95","104,20","101,52","102,30","39,79M"
17.04.2023,"103,16","103,73","101,59","102,74","39,92M"
14.04.2023,"102,07","103,20","101,11","102,51","51,45M"
13.04.2023,"98,95","102,57","98,71","102,40","67,93M"
12.04.2023,"100,40","100,51","97,71","97,83","56,74M"
11.04.2023,"100,80","101,00","99,01","99,92","60,42M"
10.04.2023,"100,96","102,20","99,57","102,17","37,26M"
06.04.2023,"100,75","102,38","99,80","102,06","43,81M"
05.04.2023,"103,91","103,91","100,75","101,10","45,18M"
04.04.2023,"102,75","104,20","102,11","103,95","48,66M"
03.04.2023,"102,30","103,29","101,43","102,41","41,14M"
31.03.2023,"102,16","103,49","101,95","103,29","56,75M"
30.03.2023,"101,55","103,04","101,01","102,00","53,63M"
29.03.2023,"98,69","100,42","98,56","100,25","49,78M"
28.03.2023,"98,11","98,44","96,29","97,24","38,72M"
27.03.2023,"99,07","99,34","97,08","98,04","46,72M"
24.03.2023,"98,07","98,30","96,40","98,13","56,14M"
23.03.2023,"100,43","101,06","97,62","98,71","57,56M"
22.03.2023,"100,45","102,10","98,61","98,70","57,48M"
21.03.2023,"98,14","100,85","98,00","100,61","58,60M"
20.03.2023,"98,41","98,48","95,70","97,71","62,39M"
17.03.2023,"99,79","100,66","97,46","98,95","87,30M"
16.03.2023,"95,75","100,99","95,61","100,04","84,56M"
15.03.2023,"93,22","96,67","93,07","96,20","70,73M"
14.03.2023,"93,83","95,07","92,71","94,88","60,91M"
13.03.2023,"89,97","94,02","88,12","92,43","72,40M"
10.03.2023,"92,67","93,57","90,25","90,73","69,83M"
09.03.2023,"93,68","96,21","92,18","92,25","56,22M"
08.03.2023,"93,60","94,17","92,18","93,92","44,90M"
07.03.2023,"94,06","95,09","92,78","93,55","49,10M"
06.03.2023,"95,19","96,54","93,74","93,75","52,11M"
03.03.2023,"92,74","94,94","92,66","94,90","55,76M"
02.03.2023,"91,41","92,23","90,39","92,13","55,57M"
01.03.2023,"93,87","94,68","91,59","92,17","52,30M"
28.02.2023,"93,14","94,69","92,92","94,23","43,96M"
27.02.2023,"94,28","94,78","93,14","93,76","47,47M"
24.02.2023,"93,53","94,14","92,32","93,50","57,05M"
23.02.2023,"96,12","96,43","93,67","95,82","48,47M"
22.02.2023,"95,10","97,01","94,80","95,79","59,53M"
21.02.2023,"95,33","95,61","94,27","94,58","56,58M"
17.02.2023,"97,80","97,94","95,65","97,20","60,03M"
16.02.2023,"99,21","100,63","98,10","98,15","56,34M"
15.02.2023,"99,09","101,17","98,45","101,16","48,05M"
14.02.2023,"98,41","100,92","97,52","99,70","56,20M"
13.02.2023,"97,85","99,68","96,91","99,54","52,84M"
10.02.2023,"97,56","98,82","96,23","97,61","52,74M"
09.02.2023,"101,32","101,78","97,57","98,24","64,62M"
08.02.2023,"102,04","102,67","98,78","100,05","75,88M"
07.02.2023,"101,17","102,41","98,08","102,11","119,50M"
06.02.2023,"102,93","103,95","100,65","102,18","81,95M"
03.02.2023,"105,26","108,78","102,52","103,39","144,37M"
02.02.2023,"110,25","114,00","108,88","112,91","158,15M"
01.02.2023,"102,53","106,24","101,24","105,15","80,45M"
31.01.2023,"101,15","103,35","101,14","103,13","66,53M"
30.01.2023,"101,09","101,74","99,01","100,55","70,69M"
27.01.2023,"99,53","103,49","99,53","102,24","87,78M"
26.01.2023,"98,24","99,49","96,92","99,22","68,52M"
25.01.2023,"92,56","97,24","91,52","97,18","94,26M"
24.01.2023,"96,93","98,09","96,00","96,32","66,93M"
23.01.2023,"97,56","97,78","95,86","97,52","76,50M"
20.01.2023,"93,86","97,35","93,20","97,25","67,48M"
19.01.2023,"94,74","95,44","92,86","93,68","69,00M"
18.01.2023,"97,25","99,32","95,38","95,46","79,57M"
17.01.2023,"98,68","98,89","95,73","96,05","72,76M"
13.01.2023,"94,18","98,37","94,12","98,12","85,55M"
12.01.2023,"96,93","97,19","93,50","95,27","85,25M"
11.01.2023,"90,93","95,26","90,93","95,09","103,13M"
10.01.2023,"87,57","90,18","87,29","89,87","67,76M"
09.01.2023,"87,46","89,48","87,08","87,36","65,27M"
06.01.2023,"83,03","86,40","81,43","86,08","83,30M"
05.01.2023,"85,33","85,42","83,07","83,12","67,93M"
04.01.2023,"86,55","86,98","83,36","85,14","68,89M"
03.01.2023,"85,46","86,96","84,21","85,82","76,71M"
30.12.2022,"83,12","84,05","82,47","84,00","62,40M"
29.12.2022,"82,87","84,55","82,55","84,18","55,00M"
28.12.2022,"82,80","83,48","81,69","81,82","58,23M"
27.12.2022,"84,97","85,35","83,00","83,04","57,28M"
23.12.2022,"83,25","85,78","82,93","85,25","57,43M"
22.12.2022,"85,52","85,68","82,25","83,79","81,43M"
21.12.2022,"86,18","87,22","85,21","86,77","59,27M"
20.12.2022,"85,33","86,61","84,33","85,19","74,35M"
19.12.2022,"87,51","87,63","84,51","84,92","83,53M"
16.12.2022,"88,26","89,35","86,73","87,86","146,14M"
15.12.2022,"89,89","89,97","87,47","88,45","84,80M"
14.12.2022,"92,50","93,46","89,87","91,58","70,30M"
13.12.2022,"95,23","96,25","90,52","92,49","100,21M"
12.12.2022,"89,21","90,58","87,87","90,55","62,00M"
09.12.2022,"88,90","90,30","88,63","89,09","67,40M"
08.12.2022,"89,24","90,86","87,88","90,35","73,31M"
07.12.2022,"88,34","89,89","87,48","88,46","68,09M"
06.12.2022,"90,50","91,04","87,90","88,25","75,50M"
05.12.2022,"93,05","94,06","90,82","91,01","71,54M"
02.12.2022,"94,47","95,36","93,78","94,13","72,50M"
01.12.2022,"96,99","97,23","94,92","95,50","68,49M"
30.11.2022,"92,47","96,54","91,53","96,54","102,81M"
29.11.2022,"94,04","94,41","91,44","92,42","65,57M"
28.11.2022,"93,93","96,40","93,43","93,95","75,06M"
25.11.2022,"93,79","94,43","93,07","93,41","35,09M"
23.11.2022,"93,24","94,58","92,83","94,13","59,41M"
22.11.2022,"92,62","93,35","90,87","93,20","62,19M"
21.11.2022,"93,97","95,02","90,59","92,46","84,33M"
18.11.2022,"95,95","95,99","92,48","94,14","72,43M"
17.11.2022,"95,37","96,97","94,03","94,85","82,62M"
16.11.2022,"96,85","98,49","95,54","97,12","87,96M"
15.11.2022,"103,21","103,79","97,34","98,94","111,34M"
14.11.2022,"98,77","100,12","97,29","98,49","99,53M"
11.11.2022,"97,88","101,19","96,66","100,79","111,59M"
10.11.2022,"92,93","98,69","91,65","96,63","173,41M"
09.11.2022,"89,47","89,48","85,87","86,14","90,80M"
08.11.2022,"90,79","91,72","88,23","89,98","88,70M"
07.11.2022,"91,95","92,10","89,04","90,53","77,50M"
04.11.2022,"91,49","92,44","88,04","90,98","129,10M"
03.11.2022,"92,47","93,50","89,02","89,30","136,68M"
02.11.2022,"97,32","97,74","92,01","92,12","135,76M"
01.11.2022,"103,99","104,58","96,06","96,79","153,37M"
31.10.2022,"103,56","104,87","100,74","102,44","99,25M"
28.10.2022,"97,90","103,96","97,66","103,41","223,13M"
27.10.2022,"113,92","114,12","109,77","110,96","129,61M"
26.10.2022,"116,00","119,35","114,76","115,66","69,00M"
25.10.2022,"119,65","121,32","118,95","120,60","50,93M"
24.10.2022,"119,98","120,39","116,57","119,82","49,53M"
21.10.2022,"114,79","119,59","114,50","119,32","55,66M"
20.10.2022,"113,83","118,24","113,51","115,25","48,80M"
19.10.2022,"114,71","116,59","113,22","115,07","47,20M"
18.10.2022,"119,06","119,52","114,79","116,36","65,61M"
17.10.2022,"110,11","114,19","110,09","113,79","62,78M"
14.10.2022,"114,10","114,96","106,60","106,90","67,74M"
13.10.2022,"107,88","113,44","105,35","112,53","86,87M"
12.10.2022,"112,49","113,83","111,40","112,90","45,73M"
11.10.2022,"112,71","115,48","110,39","112,21","56,43M"
10.10.2022,"115,10","116,25","112,43","113,67","42,34M"
07.10.2022,"118,00","118,17","113,88","114,56","54,68M"
06.10.2022,"120,77","121,53","119,50","120,30","42,25M"
05.10.2022,"118,58","121,75","117,69","120,95","48,22M"
04.10.2022,"119,89","123,00","119,79","121,09","62,81M"
03.10.2022,"113,58","116,91","112,45","115,88","50,94M"
30.09.2022,"114,07","116,92","112,84","113,00","59,48M"
29.09.2022,"115,60","116,07","113,06","114,80","58,97M"
28.09.2022,"114,38","118,70","113,80","118,01","55,76M"
27.09.2022,"117,19","118,32","113,05","114,41","60,09M"
26.09.2022,"113,29","117,34","113,13","115,15","62,72M"
23.09.2022,"116,00","116,05","112,06","113,78","65,13M"
22.09.2022,"117,08","118,79","116,26","117,31","55,23M"
21.09.2022,"122,49","123,76","118,45","118,54","58,50M"
20.09.2022,"123,35","124,40","121,14","122,19","47,70M"
19.09.2022,"122,16","124,71","121,80","124,66","47,28M"
16.09.2022,"122,78","123,87","120,70","123,53","115,67M"
15.09.2022,"127,38","130,37","125,50","126,28","52,89M"
14.09.2022,"127,36","128,84","126,33","128,55","45,32M"
13.09.2022,"131,01","131,40","126,27","126,82","72,69M"
12.09.2022,"134,10","136,49","134,00","136,45","53,83M"
09.09.2022,"130,91","133,69","130,76","133,27","49,42M"
08.09.2022,"127,72","130,28","127,10","129,82","43,99M"
07.09.2022,"126,12","129,82","125,40","129,48","47,83M"
06.09.2022,"127,92","128,62","124,74","126,11","43,89M"
02.09.2022,"129,50","131,38","126,39","127,51","57,43M"
01.09.2022,"126,00","128,02","123,66","127,82","56,64M"
31.08.2022,"129,45","130,59","126,74","126,77","53,65M"
30.08.2022,"131,25","132,07","126,85","128,73","49,20M"
29.08.2022,"129,90","131,95","128,77","129,79","48,10M"
26.08.2022,"136,55","137,83","130,50","130,75","53,32M"
25.08.2022,"135,26","137,42","134,28","137,28","37,50M"
24.08.2022,"132,75","135,47","132,10","133,80","38,63M"
23.08.2022,"133,41","134,99","132,95","133,62","36,25M"
22.08.2022,"135,72","136,32","132,85","133,22","50,46M"
19.08.2022,"140,47","141,11","137,91","138,23","47,79M"
18.08.2022,"141,32","142,77","140,38","142,30","37,46M"
17.08.2022,"142,69","143,38","140,78","142,10","48,15M"
16.08.2022,"143,90","146,57","142,00","144,78","59,10M"
15.08.2022,"142,80","143,76","141,49","143,18","39,01M"
12.08.2022,"142,05","143,57","140,12","143,55","47,64M"
11.08.2022,"143,86","144,49","139,76","140,64","44,87M"
10.08.2022,"142,90","144,60","141,01","142,69","54,77M"
09.08.2022,"138,05","138,95","136,21","137,83","40,43M"
08.08.2022,"142,05","144,23","138,29","139,41","52,30M"
05.08.2022,"140,10","142,86","139,60","140,80","50,69M"
04.08.2022,"140,58","143,56","139,55","142,57","70,59M"
03.08.2022,"136,21","140,49","136,05","139,52","71,83M"
02.08.2022,"134,72","137,44","134,09","134,16","61,92M"
01.08.2022,"134,96","138,83","133,51","135,39","76,85M"
29.07.2022,"134,90","137,65","132,41","134,95","148,89M"
28.07.2022,"121,57","122,84","118,08","122,28","82,25M"
27.07.2022,"117,31","121,90","117,16","120,97","61,58M"
26.07.2022,"115,79","118,15","114,53","114,81","67,08M"
25.07.2022,"122,69","123,64","120,03","121,14","50,22M"
22.07.2022,"125,01","125,50","121,35","122,42","51,46M"
21.07.2022,"123,20","124,85","121,26","124,63","60,24M"
20.07.2022,"118,61","123,47","118,32","122,77","71,27M"
19.07.2022,"115,70","118,95","114,03","118,21","60,99M"
18.07.2022,"115,00","117,24","113,15","113,76","59,12M"
15.07.2022,"112,50","115,59","111,59","113,55","84,32M"
14.07.2022,"110,24","111,18","107,58","110,63","51,16M"
13.07.2022,"107,03","111,78","106,01","110,40","61,35M"
12.07.2022,"112,16","113,23","108,34","109,22","54,28M"
11.07.2022,"114,08","114,30","110,87","111,75","53,54M"
08.07.2022,"114,60","116,58","113,69","115,54","45,72M"
07.07.2022,"113,85","116,99","113,49","116,33","57,87M"
06.07.2022,"113,21","115,48","112,01","114,33","66,96M"
05.07.2022,"107,60","114,08","106,32","113,50","76,68M"
01.07.2022,"106,29","109,75","105,85","109,56","73,02M"
30.06.2022,"108,11","108,18","102,52","106,21","97,68M"
29.06.2022,"107,38","110,99","106,91","108,92","66,38M"
28.06.2022,"113,50","114,85","107,04","107,40","75,17M"
27.06.2022,"117,09","117,98","112,70","113,22","62,13M"
24.06.2022,"112,38","116,71","111,43","116,46","69,87M"
23.06.2022,"110,39","113,00","107,93","112,44","64,35M"
22.06.2022,"107,43","112,13","107,02","108,95","60,04M"
21.06.2022,"108,20","111,63","103,56","108,68","70,90M"
17.06.2022,"102,80","106,98","102,51","106,22","99,77M"
16.06.2022,"104,47","104,58","102,01","103,66","82,19M"
15.06.2022,"103,86","109,06","103,53","107,67","85,01M"
14.06.2022,"104,19","104,88","101,43","102,31","69,73M"
13.06.2022,"104,19","106,54","101,86","103,67","99,28M"
10.06.2022,"113,42","114,50","109,05","109,65","87,41M"
09.06.2022,"119,99","121,30","116,10","116,15","67,03M"
08.06.2022,"122,61","123,75","120,75","121,18","64,93M"
07.06.2022,"122,00","124,10","120,63","123,00","85,16M"
06.06.2022,"125,25","128,99","123,81","124,79","135,27M"
03.06.2022,"124,20","124,40","121,05","122,35","97,60M"
02.06.2022,"121,68","125,61","120,04","125,51","100,56M"
01.06.2022,"122,26","125,18","120,62","121,68","127,53M"
31.05.2022,"116,28","121,99","115,68","120,21","144,63M"
27.05.2022,"113,55","115,19","112,63","115,15","93,66M"
26.05.2022,"107,97","112,67","107,45","111,08","93,00M"
25.05.2022,"103,66","108,17","103,65","106,78","93,12M"
24.05.2022,"104,03","105,40","101,26","104,10","102,93M"
23.05.2022,"108,46","108,82","103,95","107,56","107,80M"
20.05.2022,"109,57","109,90","105,01","107,59","99,50M"
19.05.2022,"106,28","110,03","106,19","107,32","88,14M"
18.05.2022,"111,44","112,85","106,25","107,11","108,38M"
17.05.2022,"113,28","115,80","111,28","115,37","76,45M"
16.05.2022,"113,10","113,99","110,35","110,81","74,57M"
13.05.2022,"109,07","113,18","107,80","113,06","93,68M"
12.05.2022,"102,75","110,78","102,41","106,93","132,03M"
11.05.2022,"108,10","110,16","104,43","105,37","109,70M"
10.05.2022,"111,25","112,64","107,17","108,86","105,43M"
09.05.2022,"111,31","114,00","107,96","108,79","128,12M"
06.05.2022,"114,85","119,05","113,08","114,77","124,26M"
05.05.2022,"123,00","123,50","115,07","116,41","144,39M"
04.05.2022,"123,60","126,00","119,18","125,93","110,75M"
03.05.2022,"124,05","126,22","122,82","124,25","79,13M"
02.05.2022,"122,40","124,67","118,38","124,50","148,79M"
29.04.2022,"129,85","130,76","121,63","124,28","272,66M"
28.04.2022,"142,18","145,94","140,30","144,60","117,32M"
27.04.2022,"140,19","141,95","135,78","138,17","71,34M"
26.04.2022,"144,80","144,86","138,93","139,39","77,53M"
25.04.2022,"144,02","146,22","142,31","146,07","61,88M"
22.04.2022,"148,25","149,62","143,70","144,35","73,08M"
21.04.2022,"154,71","156,74","147,59","148,30","63,97M"
20.04.2022,"157,60","157,60","153,60","154,00","59,63M"
19.04.2022,"152,03","158,65","151,55","158,12","54,93M"
18.04.2022,"151,52","154,04","150,25","152,79","46,51M"
14.04.2022,"155,39","155,90","151,47","151,71","51,60M"
13.04.2022,"150,02","156,02","149,60","155,54","53,39M"
12.04.2022,"153,69","155,10","150,38","150,79","55,18M"
11.04.2022,"152,71","154,14","150,53","151,12","52,11M"
08.04.2022,"156,75","157,37","154,23","154,46","46,00M"
07.04.2022,"158,40","160,08","154,51","157,78","68,14M"
06.04.2022,"161,65","162,20","157,25","158,76","79,06M"
05.04.2022,"167,74","168,11","163,27","164,05","53,73M"
04.04.2022,"164,13","168,39","163,21","168,35","50,01M"
01.04.2022,"164,15","165,83","162,32","163,56","57,09M"
31.03.2022,"166,44","166,49","162,95","163,00","59,97M"
30.03.2022,"168,51","168,95","165,50","166,30","56,17M"
29.03.2022,"170,38","170,83","167,87","169,32","66,15M"
28.03.2022,"164,98","169,04","164,90","168,99","59,85M"
25.03.2022,"164,00","165,37","162,25","164,77","49,09M"
24.03.2022,"163,75","164,12","160,05","163,65","56,80M"
23.03.2022,"163,71","166,37","162,69","163,41","55,81M"
22.03.2022,"161,81","166,17","161,70","164,89","64,09M"
21.03.2022,"161,12","163,08","159,55","161,49","66,54M"
18.03.2022,"156,81","161,59","156,01","161,25","102,96M"
17.03.2022,"152,64","157,50","152,14","157,24","72,93M"
16.03.2022,"148,50","153,15","147,35","153,10","84,96M"
15.03.2022,"142,85","147,99","142,00","147,37","75,58M"
14.03.2022,"145,98","147,45","140,88","141,85","74,09M"
11.03.2022,"149,57","149,68","145,37","145,52","68,90M"
10.03.2022,"145,69","148,67","143,98","146,82","135,06M"
09.03.2022,"139,50","140,25","136,83","139,28","82,66M"
08.03.2022,"136,68","140,70","133,57","136,01","91,66M"
07.03.2022,"145,44","146,09","137,42","137,45","86,93M"
04.03.2022,"147,16","147,85","143,81","145,64","60,98M"
03.03.2022,"153,53","153,93","146,86","147,90","65,20M"
02.03.2022,"150,85","153,00","148,75","152,05","47,33M"
01.03.2022,"152,73","154,10","149,98","151,14","44,87M"
28.02.2022,"152,43","154,45","150,85","153,56","57,68M"
25.02.2022,"150,55","153,99","149,21","153,79","62,40M"
24.02.2022,"139,84","151,75","139,50","151,36","100,79M"
23.02.2022,"151,65","151,76","144,65","144,83","64,24M"
22.02.2022,"150,48","152,98","148,49","150,20","66,13M"
18.02.2022,"155,50","155,50","150,89","152,60","63,60M"
17.02.2022,"158,15","160,35","154,50","154,65","64,03M"
16.02.2022,"155,79","158,83","154,73","158,10","52,70M"
15.02.2022,"157,61","158,01","154,64","156,51","56,97M"
14.02.2022,"151,75","158,45","151,65","155,17","83,23M"
11.02.2022,"158,13","159,00","152,73","153,29","77,10M"
10.02.2022,"158,35","160,72","157,75","159,00","68,27M"
09.02.2022,"162,87","163,83","160,25","161,19","68,79M"
08.02.2022,"156,75","161,79","155,55","161,41","76,04M"
07.02.2022,"158,52","162,69","157,25","157,94","102,62M"
04.02.2022,"155,61","161,20","150,61","157,64","253,46M"
03.02.2022,"141,74","144,25","138,33","138,85","225,53M"
02.02.2022,"155,05","155,07","148,86","150,61","87,33M"
01.02.2022,"150,00","151,71","147,63","151,19","59,22M"
31.01.2022,"144,75","150,36","144,30","149,57","78,31M"
28.01.2022,"140,86","144,00","137,93","143,98","74,39M"
27.01.2022,"140,80","144,24","139,35","139,64","77,52M"
26.01.2022,"144,75","145,18","137,32","138,87","95,60M"
25.01.2022,"142,24","143,60","138,15","139,99","90,82M"
24.01.2022,"139,00","144,94","135,35","144,54","156,04M"
21.01.2022,"149,95","150,90","142,07","142,64","163,97M"
20.01.2022,"156,77","158,00","151,35","151,67","71,97M"
19.01.2022,"158,76","159,25","156,25","156,30","53,24M"
18.01.2022,"159,10","159,73","157,66","158,92","67,44M"
14.01.2022,"160,15","162,25","159,80","162,14","45,97M"
13.01.2022,"165,25","166,22","161,09","161,21","52,19M"
12.01.2022,"166,57","166,88","164,42","165,21","50,03M"
11.01.2022,"161,50","166,35","160,70","165,36","62,81M"
10.01.2022,"160,59","161,66","156,30","161,49","87,80M"
07.01.2022,"163,84","165,24","162,03","162,55","46,61M"
06.01.2022,"163,45","164,80","161,94","163,25","51,96M"
05.01.2022,"166,88","167,13","164,36","164,36","64,30M"
04.01.2022,"170,44","171,40","166,35","167,52","70,73M"
03.01.2022,"167,55","170,70","166,16","170,40","63,87M"
31.12.2021,"168,96","169,35","166,56","166,72","47,83M"
30.12.2021,"169,70","170,89","168,52","168,64","37,58M"
29.12.2021,"170,84","171,21","168,60","169,20","35,75M"
28.12.2021,"170,18","172,18","169,14","170,66","54,71M"
27.12.2021,"171,04","172,94","169,22","169,67","58,85M"
23.12.2021,"170,43","171,97","170,15","171,07","36,79M"
22.12.2021,"169,27","172,05","168,50","171,04","55,04M"
21.12.2021,"167,85","170,72","165,65","170,42","55,96M"
20.12.2021,"166,85","167,87","165,60","167,08","57,37M"
17.12.2021,"167,71","170,90","165,61","170,02","85,76M"
16.12.2021,"173,37","174,17","168,16","168,87","60,88M"
15.12.2021,"168,60","173,60","165,19","173,31","75,79M"
14.12.2021,"167,55","169,50","166,44","169,09","55,98M"
13.12.2021,"172,00","172,10","169,13","169,57","62,17M"
10.12.2021,"175,42","175,93","170,50","172,21","60,69M"
09.12.2021,"175,75","176,97","174,14","174,17","46,06M"
08.12.2021,"176,15","177,18","174,75","176,16","45,25M"
07.12.2021,"174,60","177,50","173,33","176,16","66,41M"
06.12.2021,"169,65","173,70","166,93","171,37","68,86M"
03.12.2021,"172,75","173,49","166,93","169,49","80,71M"
02.12.2021,"173,00","174,63","171,19","171,87","64,73M"
01.12.2021,"177,25","177,99","172,08","172,19","75,14M"
30.11.2021,"178,18","179,29","174,60","175,35","80,02M"
29.11.2021,"177,38","179,80","176,58","178,08","65,31M"
26.11.2021,"180,10","181,68","175,21","175,23","59,83M"
24.11.2021,"178,13","180,68","176,84","179,02","46,56M"
23.11.2021,"179,25","181,05","176,39","179,00","73,84M"
22.11.2021,"183,82","185,67","178,38","178,63","96,96M"
19.11.2021,"185,63","188,11","183,79","183,83","98,92M"
18.11.2021,"178,32","185,21","178,05","184,80","114,07M"
17.11.2021,"178,24","179,36","177,27","177,45","51,21M"
16.11.2021,"176,95","178,82","176,26","177,03","44,34M"
15.11.2021,"176,85","179,69","176,29","177,28","58,59M"
12.11.2021,"174,25","177,04","172,35","176,26","53,79M"
11.11.2021,"175,65","177,16","173,37","173,62","45,29M"
10.11.2021,"178,19","180,27","173,15","174,10","80,55M"
09.11.2021,"175,76","179,69","175,07","178,81","85,90M"
08.11.2021,"176,16","178,95","174,39","174,45","61,48M"
05.11.2021,"173,85","178,31","173,85","175,95","99,94M"
04.11.2021,"168,50","174,93","168,25","173,85","107,06M"
03.11.2021,"165,45","169,75","164,88","169,20","67,94M"
02.11.2021,"165,75","166,56","164,18","165,64","52,55M"
01.11.2021,"168,09","168,79","164,60","165,91","72,18M"
29.10.2021,"165,00","168,74","163,67","168,62","129,72M"
28.10.2021,"170,10","173,95","169,30","172,33","114,17M"
27.10.2021,"169,40","171,85","168,57","169,62","54,04M"
26.10.2021,"167,48","170,81","167,20","168,80","53,97M"
25.10.2021,"166,75","167,39","164,88","166,02","44,52M"
22.10.2021,"171,05","171,49","166,56","166,78","62,78M"
21.10.2021,"170,71","172,01","170,15","171,75","37,63M"
20.10.2021,"172,63","173,14","170,02","170,75","42,80M"
19.10.2021,"171,71","172,73","171,10","172,21","47,72M"
18.10.2021,"169,42","172,46","169,25","172,34","63,48M"
15.10.2021,"165,57","170,52","165,20","170,45","103,60M"
14.10.2021,"165,12","165,63","164,54","164,99","42,24M"
13.10.2021,"163,49","164,42","163,05","164,21","48,50M"
12.10.2021,"162,85","163,38","161,81","162,37","36,39M"
11.10.2021,"163,75","164,63","161,91","162,31","40,68M"
08.10.2021,"165,85","166,07","164,41","164,43","39,96M"
07.10.2021,"164,58","166,29","164,15","165,12","48,18M"
06.10.2021,"160,68","163,22","159,93","163,10","50,66M"
05.10.2021,"160,22","163,04","160,12","161,05","65,38M"
04.10.2021,"163,97","164,00","158,81","159,49","90,46M"
01.10.2021,"164,45","165,46","162,80","164,16","56,71M"
30.09.2021,"165,80","166,39","163,70","164,25","56,94M"
29.09.2021,"166,11","167,56","164,89","165,06","51,25M"
28.09.2021,"167,89","168,46","164,51","165,80","88,62M"
27.09.2021,"168,57","170,78","166,98","170,29","72,69M"
24.09.2021,"170,10","171,46","169,67","171,28","42,32M"
23.09.2021,"169,00","171,45","169,00","170,80","47,59M"
22.09.2021,"167,55","169,45","167,05","169,00","48,23M"
21.09.2021,"168,75","168,99","166,62","167,18","55,62M"
20.09.2021,"169,80","170,95","165,25","167,79","93,38M"
17.09.2021,"174,42","174,87","172,61","173,13","92,33M"
16.09.2021,"173,00","174,63","172,31","174,41","51,67M"
15.09.2021,"172,13","174,27","170,10","173,79","59,15M"
14.09.2021,"173,78","174,34","171,89","172,50","38,74M"
13.09.2021,"174,14","174,90","171,90","172,86","51,38M"
10.09.2021,"175,09","175,42","173,15","173,46","47,95M"
09.09.2021,"176,30","177,50","174,02","174,21","54,38M"
08.09.2021,"175,58","177,28","174,78","176,28","61,07M"
07.09.2021,"173,90","176,40","173,85","175,46","54,82M"
03.09.2021,"172,60","174,13","171,82","173,90","51,57M"
02.09.2021,"174,74","175,60","172,75","173,16","58,51M"
01.09.2021,"174,82","176,35","173,76","173,95","72,60M"
31.08.2021,"171,24","173,63","169,78","173,54","87,13M"
30.08.2021,"167,87","172,25","167,76","171,08","63,84M"
27.08.2021,"166,66","167,62","165,69","167,48","48,05M"
26.08.2021,"164,95","166,60","164,80","165,80","41,98M"
25.08.2021,"165,49","166,05","164,31","164,96","33,61M"
24.08.2021,"164,00","165,77","163,73","165,29","51,04M"
23.08.2021,"160,59","164,04","160,50","163,29","65,36M"
20.08.2021,"160,19","160,39","158,79","160,00","67,17M"
19.08.2021,"159,70","161,65","159,12","159,39","75,66M"
18.08.2021,"162,10","162,70","160,00","160,06","56,09M"
17.08.2021,"163,88","164,02","161,28","162,10","67,76M"
16.08.2021,"164,15","165,00","160,56","164,95","66,57M"
13.08.2021,"165,28","165,30","164,15","164,70","41,13M"
12.08.2021,"164,50","165,73","163,48","165,18","46,48M"
11.08.2021,"166,57","166,88","163,89","164,61","58,94M"
10.08.2021,"167,25","167,90","165,75","166,03","48,25M"
09.08.2021,"167,18","167,74","166,43","167,09","42,96M"
06.08.2021,"168,75","168,75","166,45","167,25","52,75M"
05.08.2021,"167,81","169,45","167,05","168,80","48,67M"
04.08.2021,"168,97","169,44","167,28","167,74","43,68M"
03.08.2021,"167,04","169,55","164,99","168,31","83,15M"
02.08.2021,"167,66","167,95","165,85","166,57","67,08M"
30.07.2021,"167,40","168,41","165,35","166,38","199,31M"
29.07.2021,"181,39","181,90","179,00","180,00","110,40M"
28.07.2021,"181,69","182,92","180,05","181,52","59,99M"
27.07.2021,"184,93","184,93","179,31","181,32","82,64M"
26.07.2021,"183,66","185,60","182,36","184,99","58,00M"
23.07.2021,"182,00","183,31","181,10","182,83","48,73M"
22.07.2021,"179,36","182,00","179,11","181,90","65,31M"
21.07.2021,"178,82","179,32","177,18","179,26","46,38M"
20.07.2021,"178,37","179,60","175,90","178,66","65,11M"
19.07.2021,"176,63","177,51","174,96","177,48","75,69M"
16.07.2021,"181,67","182,30","178,52","178,68","80,87M"
15.07.2021,"184,71","184,77","181,05","181,56","63,71M"
14.07.2021,"185,44","185,88","183,04","184,08","65,93M"
13.07.2021,"185,10","188,65","183,57","183,87","76,92M"
12.07.2021,"187,20","187,86","184,84","185,93","51,43M"
09.07.2021,"186,13","187,40","184,67","185,97","74,96M"
08.07.2021,"182,18","188,00","181,06","186,57","103,61M"
07.07.2021,"185,87","186,71","183,95","184,83","106,56M"
06.07.2021,"176,51","184,27","176,45","183,79","134,90M"
02.07.2021,"172,58","175,59","171,85","175,55","63,53M"
01.07.2021,"171,73","172,85","170,47","171,65","40,74M"
30.06.2021,"172,05","173,58","171,75","172,01","48,08M"
29.06.2021,"171,94","172,80","171,15","172,41","41,97M"
28.06.2021,"170,80","172,40","170,68","172,19","44,86M"
25.06.2021,"173,20","173,24","169,71","170,07","78,82M"
24.06.2021,"175,38","176,24","171,54","172,45","76,64M"
23.06.2021,"175,25","176,05","174,16","175,19","56,27M"
22.06.2021,"172,90","176,19","172,80","175,27","66,90M"
21.06.2021,"173,82","174,10","171,70","172,70","65,54M"
18.06.2021,"174,00","175,35","173,69","174,34","104,95M"
17.06.2021,"170,16","174,86","170,05","174,46","102,73M"
16.06.2021,"169,60","171,32","168,03","170,76","84,06M"
15.06.2021,"169,20","169,85","168,16","169,16","48,52M"
14.06.2021,"167,34","169,25","166,78","169,19","51,39M"
11.06.2021,"167,48","168,33","166,67","167,34","56,35M"
10.06.2021,"164,10","167,55","164,06","167,48","69,53M"
09.06.2021,"163,64","164,88","163,53","164,06","49,11M"
08.06.2021,"161,13","163,98","160,90","163,21","68,33M"
07.06.2021,"159,87","160,40","158,61","159,90","44,32M"
04.06.2021,"160,60","161,05","159,94","160,31","44,99M"
03.06.2021,"160,21","160,72","159,20","159,35","47,97M"
02.06.2021,"161,16","161,75","160,40","161,70","40,29M"
01.06.2021,"162,17","162,55","160,45","160,93","48,60M"
28.05.2021,"162,10","162,40","160,99","161,15","46,63M"
27.05.2021,"162,80","163,02","161,50","161,51","51,22M"
26.05.2021,"163,73","164,79","162,93","163,26","47,68M"
25.05.2021,"163,33","163,99","160,69","162,95","65,22M"
24.05.2021,"160,78","162,90","160,52","162,25","48,46M"
21.05.2021,"162,50","162,83","159,85","160,15","82,10M"
20.05.2021,"162,22","162,98","161,81","162,38","52,66M"
19.05.2021,"159,75","161,74","159,20","161,59","53,59M"
18.05.2021,"164,63","165,60","161,52","161,61","56,57M"
17.05.2021,"162,30","164,64","161,73","163,52","74,48M"
14.05.2021,"159,28","161,44","159,15","161,15","66,50M"
13.05.2021,"159,27","160,19","156,65","158,07","67,14M"
12.05.2021,"159,25","160,40","156,66","157,60","98,73M"
11.05.2021,"156,81","161,90","156,37","161,20","92,40M"
10.05.2021,"164,12","164,15","159,50","159,52","116,77M"
07.05.2021,"165,95","166,54","164,45","164,58","94,21M"
06.05.2021,"163,50","165,72","162,36","165,32","88,95M"
05.05.2021,"166,94","167,73","163,22","163,53","74,23M"
04.05.2021,"167,81","168,40","163,61","165,59","108,79M"
03.05.2021,"174,24","174,33","168,64","169,32","117,51M"
30.04.2021,"176,26","177,70","173,12","173,37","140,19M"
29.04.2021,"175,25","175,72","171,75","173,57","153,65M"
28.04.2021,"171,74","174,49","171,25","172,93","92,64M"
27.04.2021,"172,17","173,00","169,90","170,87","76,54M"
26.04.2021,"167,40","171,42","166,55","170,45","97,61M"
23.04.2021,"165,96","168,75","165,43","167,04","63,93M"
22.04.2021,"168,58","168,64","165,07","165,45","51,61M"
21.04.2021,"165,80","168,14","165,19","168,10","44,22M"
20.04.2021,"168,68","169,15","165,80","166,73","52,46M"
19.04.2021,"169,52","171,80","168,01","168,60","54,51M"
16.04.2021,"169,00","170,34","167,78","169,97","63,72M"
15.04.2021,"168,55","169,85","167,60","168,95","64,67M"
14.04.2021,"170,20","170,21","166,30","166,65","62,90M"
13.04.2021,"170,04","171,60","169,78","170,00","66,32M"
12.04.2021,"167,76","169,75","167,56","168,97","65,64M"
09.04.2021,"165,24","168,61","164,44","168,61","86,83M"
08.04.2021,"165,54","166,22","164,60","164,97","56,24M"
07.04.2021,"161,69","165,18","161,18","163,97","66,92M"
06.04.2021,"161,19","162,37","160,85","161,19","50,76M"
05.04.2021,"158,65","161,80","158,06","161,34","66,70M"
01.04.2021,"155,90","158,12","155,78","158,05","58,81M"
31.03.2021,"153,20","155,97","153,12","154,70","61,88M"
30.03.2021,"153,50","153,65","151,70","152,76","46,75M"
29.03.2021,"152,77","154,56","151,42","153,79","54,92M"
26.03.2021,"152,20","152,83","149,80","152,60","66,26M"
25.03.2021,"153,65","155,49","151,86","152,31","71,27M"
24.03.2021,"157,55","158,02","154,26","154,35","59,18M"
23.03.2021,"156,35","159,10","156,04","156,88","76,35M"
22.03.2021,"153,39","156,33","153,00","155,54","58,04M"
19.03.2021,"151,46","153,86","150,83","153,75","92,51M"
18.03.2021,"155,05","155,83","151,25","151,40","73,14M"
17.03.2021,"153,66","158,65","153,51","156,79","62,37M"
16.03.2021,"155,25","156,45","153,79","154,59","50,78M"
15.03.2021,"153,73","154,11","151,60","154,08","58,37M"
12.03.2021,"153,75","154,95","152,28","154,47","48,44M"
11.03.2021,"155,20","156,59","154,15","155,68","55,53M"
10.03.2021,"154,92","155,82","151,50","152,88","60,25M"
09.03.2021,"150,90","154,55","150,26","153,14","80,60M"
08.03.2021,"150,75","153,23","147,57","147,60","83,70M"
05.03.2021,"150,25","150,45","144,05","150,02","107,77M"
04.03.2021,"150,60","152,91","147,27","148,88","109,63M"
03.03.2021,"154,06","155,39","149,75","150,25","79,77M"
02.03.2021,"157,17","158,18","154,36","154,73","51,92M"
01.03.2021,"156,39","157,48","154,90","157,31","54,68M"
26.02.2021,"154,76","156,12","151,84","154,65","85,52M"
25.02.2021,"156,84","158,91","152,39","152,86","90,68M"
24.02.2021,"158,34","158,56","156,27","157,98","60,23M"
23.02.2021,"156,35","160,24","154,68","159,72","93,54M"
22.02.2021,"160,41","161,62","158,61","159,04","70,31M"
19.02.2021,"166,41","166,68","162,29","162,50","86,10M"
18.02.2021,"164,12","166,90","163,70","166,41","60,67M"
17.02.2021,"163,18","166,05","162,97","165,43","66,04M"
16.02.2021,"162,70","165,41","162,68","163,45","51,49M"
12.02.2021,"162,50","164,01","161,67","163,89","46,71M"
11.02.2021,"164,60","164,60","162,40","163,11","46,03M"
10.02.2021,"165,70","165,90","162,70","164,33","63,03M"
09.02.2021,"165,62","166,90","164,89","165,25","44,07M"
08.02.2021,"167,93","168,25","165,20","166,15","65,15M"
05.02.2021,"165,95","168,85","165,14","167,61","72,42M"
04.02.2021,"166,50","167,35","163,89","166,55","73,41M"
03.02.2021,"171,25","171,70","165,43","165,63","141,78M"
02.02.2021,"169,00","171,39","168,06","169,00","141,97M"
01.02.2021,"162,12","167,51","161,75","167,14","83,20M"
29.01.2021,"161,50","161,85","159,23","160,31","85,87M"
28.01.2021,"161,75","165,08","161,43","161,88","62,98M"
27.01.2021,"167,07","167,33","160,35","161,63","93,20M"
26.01.2021,"164,82","166,90","164,14","166,31","59,10M"
25.01.2021,"166,43","168,19","162,16","164,70","75,00M"
22.01.2021,"165,22","166,10","164,16","164,61","56,44M"
21.01.2021,"164,65","167,43","164,48","165,35","98,90M"
20.01.2021,"159,10","163,99","158,75","163,17","106,20M"
19.01.2021,"155,35","157,25","154,80","156,04","66,10M"
15.01.2021,"156,15","157,13","154,76","155,21","84,88M"
14.01.2021,"158,38","158,90","156,03","156,37","61,42M"
13.01.2021,"156,42","159,50","156,10","158,29","66,42M"
12.01.2021,"156,00","157,11","154,30","156,04","70,29M"
11.01.2021,"157,40","157,82","155,50","155,71","73,38M"
08.01.2021,"159,00","159,53","157,11","159,13","70,75M"
07.01.2021,"157,85","160,43","157,75","158,11","70,29M"
06.01.2021,"157,32","159,88","156,56","156,92","87,90M"
05.01.2021,"158,30","161,17","158,25","160,93","53,11M"
04.01.2021,"163,50","163,60","157,20","159,33","88,23M"
31.12.2020,"163,75","164,15","162,06","162,85","59,14M"
30.12.2020,"167,05","167,10","164,12","164,29","64,19M"
29.12.2020,"165,50","167,53","164,06","166,10","97,46M"
28.12.2020,"159,70","165,20","158,63","164,20","113,74M"
24.12.2020,"159,69","160,10","158,45","158,63","29,04M"
23.12.2020,"160,25","160,51","159,21","159,26","41,88M"
22.12.2020,"160,14","161,10","159,00","160,33","47,64M"
21.12.2020,"160,00","161,35","158,30","160,31","76,74M"
18.12.2020,"162,20","162,47","158,58","160,08","119,91M"
17.12.2020,"162,50","163,18","161,05","161,80","69,49M"
16.12.2020,"158,80","162,35","158,18","162,05","88,55M"
15.12.2020,"159,05","159,42","156,52","158,26","66,47M"
14.12.2020,"157,15","159,52","156,30","157,85","83,12M"
11.12.2020,"154,83","155,93","153,64","155,82","61,29M"
10.12.2020,"154,45","157,10","153,80","155,07","60,60M"
09.12.2020,"158,39","158,72","154,40","155,21","82,02M"
08.12.2020,"157,94","159,21","156,00","158,86","65,73M"
07.12.2020,"157,82","159,04","157,08","157,90","55,03M"
04.12.2020,"159,91","159,91","157,94","158,13","58,27M"
03.12.2020,"160,27","161,43","159,07","159,34","57,84M"
02.12.2020,"161,08","161,60","158,66","160,18","62,59M"
01.12.2020,"159,43","162,45","157,86","161,00","90,89M"
30.11.2020,"160,42","161,42","156,28","158,40","81,28M"
27.11.2020,"160,56","160,81","159,50","159,77","47,86M"
25.11.2020,"157,09","159,90","157,01","159,25","75,81M"
24.11.2020,"155,03","156,71","154,31","155,90","72,04M"
23.11.2020,"155,83","156,99","153,27","154,92","94,18M"
20.11.2020,"155,85","156,64","154,90","154,97","67,60M"
19.11.2020,"155,27","156,25","154,05","155,85","60,21M"
18.11.2020,"156,70","157,00","155,25","155,27","58,34M"
17.11.2020,"159,18","159,46","156,76","156,78","68,89M"
16.11.2020,"154,66","157,13","153,63","156,55","76,17M"
13.11.2020,"156,10","157,09","154,27","156,44","75,25M"
12.11.2020,"158,00","158,79","154,30","155,51","87,42M"
11.11.2020,"153,09","156,96","152,50","156,87","87,34M"
10.11.2020,"154,75","155,70","150,97","151,75","131,82M"
09.11.2020,"161,55","164,45","155,61","157,19","143,81M"
06.11.2020,"165,23","166,10","161,60","165,57","92,95M"
05.11.2020,"166,00","168,34","164,44","166,10","115,79M"
04.11.2020,"158,00","162,24","156,99","162,06","136,78M"
03.11.2020,"150,93","153,75","149,05","152,42","97,96M"
02.11.2020,"153,09","153,99","147,51","150,22","145,15M"
30.10.2020,"157,89","158,35","150,95","151,81","167,92M"
29.10.2020,"160,06","162,86","158,20","160,55","131,93M"
28.10.2020,"162,47","163,20","158,12","158,14","111,77M"
27.10.2020,"161,25","164,58","160,56","164,32","85,82M"
26.10.2020,"159,94","164,15","157,66","160,35","118,02M"
23.10.2020,"159,55","160,27","157,00","160,22","69,33M"
22.10.2020,"159,49","159,94","156,10","158,82","84,24M"
21.10.2020,"160,62","161,69","158,00","159,25","91,85M"
20.10.2020,"161,11","163,30","159,60","160,85","90,19M"
19.10.2020,"164,98","166,45","159,64","160,36","104,47M"
16.10.2020,"168,16","169,98","158,00","163,64","129,49M"
15.10.2020,"164,60","167,79","164,00","166,93","104,47M"
14.10.2020,"172,35","173,24","167,00","168,19","116,58M"
13.10.2020,"173,40","174,62","171,21","172,18","114,89M"
12.10.2020,"167,50","174,81","166,98","172,15","167,28M"
09.10.2020,"160,50","164,45","159,89","164,33","98,16M"
08.10.2020,"161,25","161,66","158,75","159,53","63,48M"
07.10.2020,"156,75","160,00","156,62","159,78","86,19M"
06.10.2020,"158,25","159,10","154,50","155,00","101,74M"
05.10.2020,"157,29","160,13","157,04","159,96","75,51M"
02.10.2020,"157,68","159,79","156,15","156,25","112,26M"
01.10.2020,"160,40","161,20","158,60","161,06","99,44M"
30.09.2020,"157,06","160,64","156,70","157,44","97,92M"
29.09.2020,"158,77","159,41","156,63","157,24","70,07M"
28.09.2020,"157,44","158,75","155,86","158,70","84,48M"
25.09.2020,"152,74","155,08","149,95","154,76","92,30M"
24.09.2020,"148,89","153,47","148,25","150,99","110,59M"
23.09.2020,"156,02","156,35","149,62","149,99","113,05M"
22.09.2020,"151,69","156,70","150,01","156,45","138,98M"
21.09.2020,"145,32","148,10","143,55","148,02","122,36M"
18.09.2020,"151,59","151,89","145,28","147,75","177,85M"
17.09.2020,"150,46","151,47","148,63","150,44","128,98M"
16.09.2020,"159,00","159,36","153,71","153,91","90,62M"
15.09.2020,"156,81","158,75","155,45","157,81","80,43M"
14.09.2020,"158,65","159,37","154,80","155,15","90,59M"
11.09.2020,"160,43","160,87","154,20","155,81","101,88M"
10.09.2020,"165,36","167,49","158,53","158,76","106,61M"
09.09.2020,"160,15","165,16","159,25","163,43","103,77M"
08.09.2020,"157,20","162,54","156,50","157,49","121,88M"
04.09.2020,"165,90","169,07","155,56","164,73","175,64M"
03.09.2020,"174,25","174,42","165,15","168,40","163,22M"
02.09.2020,"177,35","177,61","174,33","176,57","78,63M"
01.09.2020,"174,48","175,69","173,35","174,96","69,53M"
31.08.2020,"170,45","174,75","170,25","172,55","83,72M"
28.08.2020,"171,15","171,67","169,32","170,09","57,94M"
27.08.2020,"172,50","172,65","168,90","170,00","85,30M"
26.08.2020,"167,56","172,59","167,23","172,09","130,17M"
25.08.2020,"164,75","167,87","163,35","167,32","79,86M"
24.08.2020,"165,51","169,02","162,88","165,37","93,33M"
21.08.2020,"164,75","165,72","163,77","164,24","71,52M"
20.08.2020,"162,60","165,63","161,90","164,87","66,65M"
19.08.2020,"165,15","165,79","162,80","163,02","83,70M"
18.08.2020,"160,60","166,00","160,29","165,62","106,92M"
17.08.2020,"158,66","159,75","157,71","159,12","53,82M"
14.08.2020,"158,91","158,91","156,00","157,40","55,03M"
13.08.2020,"159,15","160,88","157,75","158,05","62,98M"
12.08.2020,"155,40","158,72","155,07","158,11","70,54M"
11.08.2020,"155,66","157,96","153,65","154,03","74,36M"
10.08.2020,"158,52","158,63","155,08","157,41","63,35M"
07.08.2020,"161,20","162,04","157,03","158,37","78,72M"
06.08.2020,"159,72","162,37","158,27","161,25","78,81M"
05.08.2020,"157,19","160,68","156,37","160,25","78,60M"
04.08.2020,"155,06","158,36","155,06","156,94","93,89M"
03.08.2020,"159,03","159,20","155,20","155,59","101,49M"
31.07.2020,"162,20","162,34","157,55","158,23","161,67M"
30.07.2020,"150,70","154,60","150,25","152,59","122,57M"
29.07.2020,"151,55","151,96","149,84","151,68","59,48M"
28.07.2020,"152,71","153,85","149,79","150,02","62,53M"
27.07.2020,"153,10","154,90","150,79","152,76","83,41M"
24.07.2020,"146,50","151,58","144,40","150,45","112,65M"
23.07.2020,"154,91","154,91","148,50","149,33","113,14M"
22.07.2020,"156,25","157,50","153,26","155,00","82,08M"
21.07.2020,"161,62","162,03","155,29","156,91","122,70M"
20.07.2020,"150,01","160,07","149,70","159,84","151,96M"
17.07.2020,"150,45","151,20","147,42","148,10","95,23M"
16.07.2020,"148,55","151,60","145,91","150,00","127,88M"
15.07.2020,"154,01","154,92","148,66","150,44","115,78M"
14.07.2020,"154,45","156,37","147,50","154,20","144,64M"
13.07.2020,"162,55","167,21","153,42","155,20","154,41M"
10.07.2020,"159,59","160,75","156,78","160,00","109,72M"
09.07.2020,"155,80","159,69","153,70","159,13","127,77M"
08.07.2020,"151,13","154,20","150,62","154,06","100,75M"
07.07.2020,"152,93","153,48","149,50","150,01","105,15M"
06.07.2020,"146,75","152,99","146,50","152,85","137,61M"
02.07.2020,"145,60","147,78","143,56","144,51","131,87M"
01.07.2020,"137,90","144,75","137,70","143,94","127,27M"
30.06.2020,"134,25","138,48","133,75","137,94","75,39M"
29.06.2020,"134,50","134,84","131,50","134,02","84,47M"
26.06.2020,"138,75","139,13","134,40","134,64","130,02M"
25.06.2020,"136,98","137,81","135,61","137,73","59,37M"
24.06.2020,"139,00","139,80","136,05","136,72","90,53M"
23.06.2020,"136,30","139,16","135,90","138,22","84,63M"
22.06.2020,"134,22","135,75","133,45","135,69","64,18M"
19.06.2020,"133,90","134,87","132,95","133,75","115,54M"
18.06.2020,"132,35","132,98","131,81","132,70","49,76M"
17.06.2020,"132,38","132,75","131,59","132,05","59,19M"
16.06.2020,"131,00","131,00","128,80","130,76","71,91M"
15.06.2020,"126,33","129,20","125,40","128,63","77,47M"
12.06.2020,"130,06","131,07","125,17","127,25","108,72M"
11.06.2020,"130,18","133,57","126,81","127,90","116,00M"
10.06.2020,"132,25","136,12","131,31","132,37","98,92M"
09.06.2020,"126,47","131,32","126,25","130,04","103,52M"
08.06.2020,"125,01","126,50","124,37","126,20","79,41M"
05.06.2020,"122,23","124,43","121,86","124,15","66,13M"
04.06.2020,"123,87","125,38","122,50","123,03","58,97M"
03.06.2020,"123,40","124,40","123,06","123,92","53,42M"
02.06.2020,"123,35","123,68","122,27","123,62","50,60M"
01.06.2020,"122,40","123,85","122,21","123,55","58,76M"
29.05.2020,"120,80","122,12","119,91","122,12","70,59M"
28.05.2020,"119,22","121,85","118,91","120,06","63,86M"
27.05.2020,"120,25","120,68","116,50","120,52","101,14M"
26.05.2020,"122,90","123,10","120,70","121,09","71,36M"
22.05.2020,"122,75","123,49","121,51","121,84","57,34M"
21.05.2020,"125,00","126,27","122,13","122,34","102,29M"
20.05.2020,"123,89","125,00","123,36","124,90","79,96M"
19.05.2020,"121,49","124,25","121,45","122,47","86,41M"
18.05.2020,"120,22","121,65","119,20","121,31","87,33M"
15.05.2020,"118,43","120,55","117,82","120,49","84,70M"
14.05.2020,"118,05","119,57","117,66","119,44","72,96M"
13.05.2020,"118,34","120,39","116,89","118,40","95,66M"
12.05.2020,"120,59","120,95","117,75","117,85","61,50M"
11.05.2020,"118,73","120,98","118,61","120,45","65,18M"
08.05.2020,"118,61","119,36","117,85","118,98","64,22M"
07.05.2020,"118,74","118,80","117,16","118,38","67,93M"
06.05.2020,"116,47","117,87","116,00","117,56","62,36M"
05.05.2020,"117,00","117,55","115,36","115,89","64,85M"
04.05.2020,"112,82","116,35","112,82","115,80","97,32M"
01.05.2020,"116,84","118,12","112,91","114,30","195,45M"
30.04.2020,"120,99","123,75","119,80","123,70","190,69M"
29.04.2020,"116,50","119,59","115,50","118,64","91,83M"
28.04.2020,"118,61","118,67","115,30","115,70","105,39M"
27.04.2020,"122,16","122,24","118,15","118,80","112,91M"
24.04.2020,"120,85","121,02","119,10","120,51","76,64M"
23.04.2020,"120,00","121,21","119,10","119,97","101,33M"
22.04.2020,"118,45","119,70","117,55","118,17","84,37M"
21.04.2020,"120,83","121,42","113,98","116,41","149,53M"
20.04.2020,"119,50","122,25","119,30","119,68","115,41M"
17.04.2020,"118,62","120,00","115,80","118,75","158,60M"
16.04.2020,"117,30","123,05","116,75","120,41","240,76M"
15.04.2020,"112,88","116,67","112,25","115,38","137,33M"
14.04.2020,"110,02","114,60","109,31","114,17","161,74M"
13.04.2020,"102,00","109,00","101,90","108,44","134,33M"
09.04.2020,"102,22","102,65","100,88","102,14","93,11M"
08.04.2020,"101,05","102,20","100,56","102,15","79,55M"
07.04.2020,"100,86","101,79","99,88","100,58","102,28M"
06.04.2020,"96,80","99,93","96,50","99,88","115,46M"
03.04.2020,"95,56","96,32","94,46","95,33","72,20M"
02.04.2020,"95,08","96,38","94,50","95,94","86,72M"
01.04.2020,"96,65","97,25","94,65","95,39","82,44M"
31.03.2020,"98,22","99,65","97,20","97,49","102,47M"
30.03.2020,"96,14","98,68","95,62","98,20","122,52M"
27.03.2020,"96,54","96,99","95,00","95,00","107,76M"
26.03.2020,"95,10","97,82","94,46","97,77","124,70M"
25.03.2020,"96,03","97,51","94,29","94,29","129,58M"
24.03.2020,"97,57","97,75","95,02","97,00","142,94M"
23.03.2020,"91,39","95,97","90,60","95,14","156,17M"
20.03.2020,"96,32","97,85","91,04","92,30","196,36M"
19.03.2020,"93,00","97,25","91,63","94,05","208,00M"
18.03.2020,"87,50","92,08","87,25","91,50","192,90M"
17.03.2020,"88,77","92,89","84,46","90,39","218,34M"
16.03.2020,"82,08","87,97","81,30","84,46","178,35M"
13.03.2020,"87,75","89,32","84,03","89,25","176,19M"
12.03.2020,"86,10","88,25","83,75","83,83","226,92M"
11.03.2020,"92,89","93,57","90,08","91,04","112,94M"
10.03.2020,"93,54","94,71","90,91","94,59","142,67M"
09.03.2020,"88,69","93,14","88,06","90,03","156,26M"
06.03.2020,"93,75","95,54","93,47","95,05","105,47M"
05.03.2020,"96,65","98,04","95,50","96,20","94,96M"
04.03.2020,"97,33","98,90","96,10","98,79","95,46M"
03.03.2020,"98,77","99,82","94,40","95,45","150,69M"
02.03.2020,"95,32","97,73","93,50","97,70","135,23M"
28.02.2020,"90,73","94,49","90,56","94,19","189,88M"
27.02.2020,"96,72","98,75","94,14","94,22","162,88M"
26.02.2020,"98,51","100,73","98,02","98,98","104,81M"
25.02.2020,"101,32","101,73","97,92","98,64","124,38M"
24.02.2020,"100,16","101,96","99,40","100,46","130,94M"
21.02.2020,"107,11","107,23","104,40","104,80","93,01M"
20.02.2020,"108,65","108,84","106,37","107,66","62,63M"
19.02.2020,"108,39","109,25","108,06","108,51","51,22M"
18.02.2020,"106,25","108,30","106,21","107,78","59,02M"
14.02.2020,"107,78","107,95","106,29","106,74","52,12M"
13.02.2020,"107,25","108,51","107,10","107,49","60,64M"
12.02.2020,"108,16","109,01","107,76","108,00","66,69M"
11.02.2020,"107,55","109,30","106,80","107,54","114,92M"
10.02.2020,"104,25","106,78","104,25","106,70","101,12M"
07.02.2020,"102,10","104,93","101,91","103,96","101,91M"
06.02.2020,"102,05","102,81","101,24","102,51","63,66M"
05.02.2020,"103,55","103,55","101,60","101,99","87,52M"
04.02.2020,"101,49","102,99","100,77","102,48","105,79M"
03.02.2020,"100,53","102,42","100,01","100,21","117,98M"
31.01.2020,"102,57","102,79","100,11","100,44","311,35M"
30.01.2020,"92,90","93,64","92,53","93,53","126,55M"
29.01.2020,"93,20","93,74","92,75","92,90","42,03M"
28.01.2020,"92,03","92,91","91,50","92,66","56,16M"
27.01.2020,"91,00","92,05","90,77","91,42","70,57M"
24.01.2020,"94,57","94,75","92,37","93,08","75,32M"
23.01.2020,"94,26","94,50","93,64","94,23","49,69M"
22.01.2020,"94,80","95,12","94,17","94,37","64,33M"
21.01.2020,"93,25","94,71","93,00","94,60","74,16M"
17.01.2020,"94,29","94,33","92,86","93,24","79,95M"
16.01.2020,"94,15","94,28","93,30","93,90","53,19M"
15.01.2020,"93,61","93,94","92,75","93,10","57,93M"
14.01.2020,"94,29","94,36","92,93","93,47","68,93M"
13.01.2020,"94,57","94,90","94,04","94,56","55,72M"
10.01.2020,"95,27","95,35","94,00","94,16","57,14M"
09.01.2020,"95,49","95,89","94,79","95,05","63,50M"
08.01.2020,"94,90","95,55","94,32","94,60","70,24M"
07.01.2020,"95,22","95,69","94,60","95,34","82,68M"
06.01.2020,"93,00","95,18","93,00","95,14","81,31M"
03.01.2020,"93,22","94,31","93,22","93,75","75,33M"
02.01.2020,"93,75","94,90","93,21","94,90","80,72M"
